lig,rec,g1,g2,g3,g4,g5,g6,g7,g8
H,H,0.01918,-0.05663,-0.03994,0.0198,0.02062,-0.03007,-0.03228,-0.03929
H,H_N,0.04851,0.03556,-0.003842,0.02637,0.07606,0.02631,-0.04842,-0.03269
H,H_O,-0.002967,-0.004311,-0.02036,0.005806,-0.02149,-0.02655,-0.06386,-0.06671
H,H_S,0.006956,-0.01564,-0.03746,-0.003681,0.02891,0.02371,-0.03286,-0.07253
H,H_ba,0.016,0.006673,0.003912,0.01946,0.01084,-0.06341,-0.09407,-0.06891
H,C,0.01271,0.0228,0.01985,-0.02969,0.003275,0.04938,-0.02359,-0.06126
H,C_a,0.03488,-0.03117,-0.08044,-0.06118,0.01906,0.054,0.005031,-0.05298
H,C_SP2,0.04492,-0.05718,-0.09641,-0.01546,0.1425,0.1486,0.006601,-0.07034
H,C_SP,0.0188,-0.005847,0.01591,-0.01144,0.01562,0.005598,0.01167,-0.002575
H,F,0.03336,0.02229,-0.02163,-0.007798,-0.003649,0.05076,0.05413,-0.001323
H,F_ba,-0.00642,0.0104,0.01157,0.01126,0.01181,-0.006057,-0.02335,-0.01756
H,Cl,0.01744,-0.007201,-0.03807,-0.04113,-0.005956,-0.002389,0.0467,0.0478
H,Cl_ba,-0.007292,-0.004119,-0.02025,0.01543,0.001608,0.004889,-0.0008986,-0.007699
H,Br,-0.02422,-0.04241,-0.06022,-0.03251,-0.03236,-0.03907,-0.04016,0.02168
H,Br_ba,0.002002,-0.0115,0.01074,0.02201,-0.00355,0.002125,-0.006544,-0.007465
H,I,-0.021,-0.02469,-0.02204,-0.02337,-0.02064,0.01821,0.01553,0.03649
H,I_ba,0.01003,-0.006953,-0.006145,0.01681,0.006979,0.001033,-0.008405,-0.001102
H,N_D,-0.03851,-0.01824,-0.0178,-0.03674,-0.02673,0.03247,0.0788,0.0685
H,N_a_D,0.03571,0.002609,-0.05471,-0.02863,0.05042,0.02439,-0.06291,-0.09574
H,N_ba_D,0.02208,0.007335,-0.03446,-0.03713,0.01216,0.003097,-0.03418,-0.02498
H,Np_D,-0.06741,-0.08271,-0.04835,0.02286,0.1953,0.264,0.1196,-0.01342
H,N_SP2_D,0.008604,-0.01484,-0.007097,0.001031,-0.003073,0.03399,0.004817,0.00305
H,N_AMID_D,-0.008825,-0.01333,-0.02076,-0.01437,-0.005231,-0.0627,-0.1183,-0.08353
H,Np_RES_D,-0.0233,-0.05063,-0.07641,-0.06478,0.009247,0.02224,-0.03804,-0.06874
H,N_DA,-0.006641,0.02593,0.01991,0.002754,0.0102,0.0004744,1.636e-05,-0.001975
H,N_a_DA,0.03376,-0.01243,-0.0269,-0.009459,0.01746,0.01414,-0.05235,-0.09505
H,O_DA,0.03613,-0.0258,-0.02628,0.01471,0.02308,-0.001388,-0.08694,-0.1089
H,O_ba_DA,0.02205,-0.01748,0.01044,0.03493,0.04316,0.01434,-0.06259,-0.09509
H,Met_DA,0.06344,0.0471,0.004817,-0.04401,-0.05585,-0.01146,0.08649,0.02496
H,N_A,0.001867,0.009516,-0.008597,-0.007401,-0.007975,-0.01089,-0.005973,-0.01009
H,N_a_A,0.005596,0.00135,0.03638,0.07551,0.063,0.0505,-0.003269,-0.02114
H,O_A,-0.02616,-0.05386,-0.06629,0.009917,0.07141,0.1121,0.02437,-0.03623
H,O_a_A,-0.007424,-0.01395,-0.01294,-0.01344,-0.01014,0.01196,-0.009062,0.01031
H,On_A,0.02113,-0.0485,-0.006324,0.06784,0.04606,-0.07652,-0.1255,-0.1078
H,O_SP2_A,0.02552,0.01554,0.04437,0.08542,0.09742,0.06345,0.01227,0.001476
H,O_AMID,0.01779,-0.04109,-0.04946,0.005366,-0.04609,-0.1302,-0.1538,-0.1193
H,O_CAR,0.00394,0.02112,-0.0007698,0.01912,0.03553,-0.01268,-0.1224,-0.1987
H,O_ALD,0.0822,0.1252,0.2295,0.3942,0.3566,0.1584,0.04428,0.06159
H,N,-0.05508,-0.001112,0.01826,0.03753,0.006048,-0.02387,-0.0574,-0.09491
H,Np,-0.03152,-0.03699,-0.03874,-0.0009347,0.06876,0.1014,0.07431,0.06543
H,N_SP,0.008284,0.001619,-0.01289,-0.011,-0.007019,-0.01162,0.01488,-0.004458
H,O,-0.01986,0.009553,0.006976,-0.008498,0.01887,0.00152,0.007864,0.003296
H,On,0.009939,-0.01714,-0.02067,-0.005198,-0.02181,0.005888,-0.01959,0.003902
H,S,0.05301,-0.02558,-0.07318,-0.04445,0.03054,0.05257,-0.02891,-0.0275
H,S_a,-0.004762,-0.0096,-0.001107,-0.0004063,1.648e-05,-0.009571,0.009353,-0.02236
H,S_H,0.03728,-0.01363,-0.03943,-0.05749,0.008539,-0.004916,-0.07487,-0.07081
H,P,-0.1005,-0.09266,-0.03384,0.03186,0.08124,0.0658,0.005618,0.003281
H,U,0.1099,0.08179,0.08028,0.02075,-0.03158,-0.0732,-0.1031,-0.1188
H_N,H,0.01933,0.0267,0.01853,-0.004847,-0.01441,-0.02012,-0.04621,-0.06615
H_N,H_N,-0.003988,0.02172,0.006249,0.01616,0.04143,0.04242,0.002169,-0.07202
H_N,H_O,-0.01641,0.04574,0.01994,-0.04208,-0.04523,0.01298,-0.01795,-0.05748
H_N,H_S,-0.009967,0.05059,0.007818,-0.04491,-0.04886,0.01504,-0.01603,-0.05614
H_N,H_ba,0.02643,0.01048,0.02398,0.02315,-0.004531,-0.0403,-0.02372,-0.001594
H_N,C,-0.009634,0.007369,-0.02235,-0.01858,-0.03252,-0.01553,0.01792,-0.0275
H_N,C_a,0.02699,0.01034,-0.02548,-0.03935,-0.04288,-0.005818,-0.02303,-0.003434
H_N,C_SP2,0.05417,0.01209,-0.01463,0.01768,0.03646,0.03136,-0.02799,-0.05802
H_N,C_SP,0.0001755,-0.01467,0.004336,-0.002518,-0.01062,0.01595,0.003379,-0.008938
H_N,F,0.003799,-0.0158,-0.04315,-0.04413,-0.03156,-0.05341,-0.08891,-0.05831
H_N,F_ba,-0.000461,0.003656,-0.004628,0.03102,-0.009375,0.006127,-0.003404,-0.002807
H_N,Cl,-0.04756,-0.0002173,-0.02018,-0.004648,-0.004451,0.01735,0.06643,0.04458
H_N,Cl_ba,0.008037,-0.0003245,-0.01032,-0.003239,0.0007475,-0.003174,-0.004661,0.0006145
H_N,Br,-0.0002131,-0.02587,-0.03311,-0.0125,0.02537,0.04311,0.05839,0.07213
H_N,Br_ba,-0.006641,-0.001163,0.00112,0.03098,-0.01188,0.005088,0.006448,-0.0143
H_N,I,0.02418,0.007973,0.01688,0.03055,0.003109,-0.01962,-0.009405,0.03272
H_N,I_ba,-0.00679,-0.01385,-0.02598,0.01889,0.008853,0.002654,-0.003252,-0.01919
H_N,N_D,-0.002938,-0.01181,0.003177,0.02368,0.03567,0.02127,-0.02547,-0.03047
H_N,N_a_D,-0.01425,0.04396,0.06379,0.07971,0.06457,0.002247,-0.05405,-0.09019
H_N,N_ba_D,0.1237,0.06804,0.01989,-0.039,-0.09504,-0.07044,-0.0365,-0.06373
H_N,Np_D,0.06723,0.01706,-0.004695,-0.0005691,0.1245,0.2469,0.213,0.0746
H_N,N_SP2_D,-0.009455,0.002118,0.014,0.01398,0.005669,0.0361,0.003763,0.002785
H_N,N_AMID_D,0.01623,-0.01175,0.01279,0.0299,0.004241,-0.06677,-0.178,-0.1365
H_N,Np_RES_D,0.05423,0.05036,-0.00917,-0.09459,-0.06868,-0.06566,-0.06185,-0.04957
H_N,N_DA,-0.004318,0.00285,0.001764,0.01492,0.0212,0.009489,0.0004597,-0.01462
H_N,N_a_DA,-0.01619,-0.04419,0.0008786,-0.00123,-0.03026,-0.09362,-0.1489,-0.1388
H_N,O_DA,-0.03063,-0.009404,0.01252,-0.02599,-0.02629,-0.02334,-0.0575,-0.06922
H_N,O_ba_DA,0.01281,0.004805,0.04443,0.08605,0.08133,0.04139,-0.03399,-0.1132
H_N,Met_DA,-0.003196,0.04771,0.06967,0.06264,0.0695,0.0591,0.1264,0.1264
H_N,N_A,0.02384,0.01205,0.0195,0.01435,0.02049,0.009164,0.00681,-0.003174
H_N,N_a_A,-0.01339,0.0341,0.02319,0.01908,-0.002802,-0.0356,-0.171,-0.214
H_N,O_A,0.01543,0.01143,-0.04242,-0.05542,-0.05008,-0.03236,-0.07627,-0.09647
H_N,O_a_A,-0.01712,-0.00285,-0.01986,0.006892,0.00845,0.001494,0.006602,0.02459
H_N,On_A,-0.06077,-0.04696,-0.06385,-0.08681,-0.1344,-0.1121,-0.1591,-0.1897
H_N,O_SP2_A,-0.03503,-0.03945,-0.01744,-0.004991,-0.002918,-0.005433,-0.03811,0.006882
H_N,O_AMID,-0.0547,-0.1069,-0.02914,0.002114,-0.05817,-0.1068,-0.1048,-0.08272
H_N,O_CAR,0.004584,-0.08392,-0.0918,-0.09322,-0.1215,-0.1466,-0.101,-0.05399
H_N,O_ALD,0.0793,0.1326,0.2756,0.4592,0.5217,0.3645,0.1526,0.04605
H_N,N,0.04663,0.04261,0.05859,0.04465,-0.01317,-0.007419,-0.007829,-0.02023
H_N,Np,-0.02614,-0.01291,-0.01403,-0.0246,0.007293,0.0334,0.03382,0.04111
H_N,N_SP,0.01624,0.005478,0.0149,-0.01622,0.01552,-0.01587,0.0002039,-0.004571
H_N,O,-0.005678,0.002858,-0.009623,-0.001262,-0.006119,-0.002713,-0.0003646,-0.004075
H_N,On,0.0174,-0.01667,-0.0004392,0.007254,0.004812,-0.008838,-0.0104,-0.0136
H_N,S,-0.03916,-0.032,-0.02681,-0.04282,-0.05594,-0.0709,-0.05817,-0.007175
H_N,S_a,0.01577,0.007639,0.003679,0.003628,0.01022,0.0006391,-0.0007271,-0.007994
H_N,S_H,-0.06504,-0.01911,0.0006689,-0.01698,-0.006779,-0.02456,-0.06292,-0.03634
H_N,P,0.009792,-0.04248,-0.01836,0.003984,0.0188,0.04211,0.04008,0.07183
H_N,U,-0.007487,-0.0198,-0.04904,-0.03165,-0.0167,-0.05323,-0.001232,0.02531
H_O,H,-0.002654,-0.006363,-0.01371,0.01396,0.01662,-0.01901,-0.02811,-0.03453
H_O,H_N,-0.008535,0.04647,0.006398,0.006622,0.006166,0.01438,-0.0152,-0.03546
H_O,H_O,-0.005166,0.02952,0.01184,-0.04158,-0.02279,-0.02027,-0.05479,-0.05318
H_O,H_S,-0.00723,-0.0008398,0.001253,-0.01938,-0.01762,-0.01599,-0.02759,-0.04993
H_O,H_ba,-0.01325,-0.03108,-0.03505,0.0152,0.03665,-0.001802,-0.03097,-0.0444
H_O,C,-0.001645,0.02176,0.01698,-0.02501,-0.007449,0.006894,0.02218,-0.009623
H_O,C_a,0.01682,0.01916,0.01744,0.02375,0.005193,0.006386,-0.02395,-0.04131
H_O,C_SP2,-0.03072,-0.02935,-0.04825,-0.006134,0.04206,0.07243,0.02025,-0.09123
H_O,C_SP,0.009213,-0.003513,-0.0007786,-0.006849,0.005461,0.006569,0.02298,0.001215
H_O,F,0.0003269,-0.004342,-0.0001939,0.0182,0.01887,0.04037,-0.02016,-0.0307
H_O,F_ba,0.003615,0.003028,-0.0003452,-0.009614,-0.005266,0.0004609,0.005655,-0.02611
H_O,Cl,-0.02922,-0.02652,-0.005971,0.008586,0.06792,0.08561,0.02559,0.001921
H_O,Cl_ba,0.007337,0.007386,-0.009169,-0.0001891,0.009733,0.003405,-0.0022,0.0126
H_O,Br,-0.004666,-0.02313,-0.004831,0.01839,0.004028,0.01141,0.03127,0.04733
H_O,Br_ba,-0.01383,-0.0007914,-0.0124,-0.001004,-0.02234,0.006619,-0.0107,0.01148
H_O,I,0.01492,0.01593,0.001885,0.006094,0.004597,0.01917,0.01887,-0.001345
H_O,I_ba,0.01529,-0.006201,0.002401,-0.006837,-0.01096,-0.0126,-0.009753,0.0002883
H_O,N_D,0.05501,0.02516,0.002811,0.007006,0.02456,0.01859,0.01873,0.007127
H_O,N_a_D,0.009017,-0.004811,0.001726,0.002652,0.01527,-0.005774,-0.01076,0.03408
H_O,N_ba_D,0.1061,0.09159,0.0375,0.002604,-0.007688,0.003961,0.04023,0.03028
H_O,Np_D,0.01405,0.002536,-0.04397,-0.07179,0.01054,0.1497,0.2005,0.1169
H_O,N_SP2_D,-0.001169,0.03291,0.01304,0.005311,0.01681,0.03858,0.0231,0.0231
H_O,N_AMID_D,0.03346,0.002934,-0.008888,-0.002471,0.01207,-0.04528,-0.1242,-0.09581
H_O,Np_RES_D,0.02756,0.001198,-0.01345,-0.0181,0.006161,0.0275,-0.01433,-0.0236
H_O,N_DA,0.004859,0.004031,0.01345,0.007755,-0.01043,0.002807,0.003619,-0.006238
H_O,N_a_DA,0.0005396,-0.0006749,-0.0136,-0.035,-0.03793,-0.02773,-0.05232,-0.04078
H_O,O_DA,-0.02579,0.02234,0.03096,0.008307,0.003986,-0.003307,-0.05221,-0.05656
H_O,O_ba_DA,-0.01524,-0.02025,-0.01307,0.0101,0.003382,-0.008435,-0.04764,-0.04932
H_O,Met_DA,-0.002118,-0.01458,0.01937,0.04688,0.04536,0.00152,0.03793,0.04047
H_O,N_A,0.006952,-0.0001403,0.01599,0.00867,0.007154,0.00189,0.002272,0.007541
H_O,N_a_A,-0.001162,-0.00293,0.005628,0.02075,0.02554,0.02737,-0.0001683,-0.007973
H_O,O_A,0.02738,0.01011,0.01927,-0.01967,-0.01139,0.01361,0.02149,-0.005841
H_O,O_a_A,-0.005399,0.01113,-9.63e-05,0.01151,-0.005581,0.01056,0.001261,-0.0002456
H_O,On_A,-0.009328,0.004073,-0.01804,-0.04515,-0.06336,-0.0556,-0.07843,-0.08758
H_O,O_SP2_A,0.07691,0.08506,0.0999,0.06972,0.02425,0.001723,-0.007238,0.02011
H_O,O_AMID,-0.01193,0.02205,-0.01453,-0.02463,-0.02719,-0.05367,-0.103,-0.1519
H_O,O_CAR,0.05529,0.04142,0.02251,-0.003518,-0.02692,-0.03941,-0.02921,-0.01736
H_O,O_ALD,0.08121,0.1133,0.2309,0.3625,0.4361,0.3271,0.1626,0.0604
H_O,N,0.01452,-0.005474,-0.01624,-0.04175,-0.03393,-0.01674,-0.01666,-0.02896
H_O,Np,0.007904,0.008732,0.02458,-0.007907,-0.01587,0.0231,0.04365,0.0288
H_O,N_SP,-0.002273,-0.003552,-0.01274,0.004189,0.0145,0.01113,-0.01055,0.0023
H_O,O,0.004792,0.008019,-0.01425,-0.01641,0.001134,0.003077,0.002037,0.01086
H_O,On,0.01098,0.004355,0.009249,0.009212,0.005787,-0.003304,-0.01618,0.004556
H_O,S,0.02602,0.03368,0.01005,-0.03475,-0.06972,-0.03551,0.02786,0.04545
H_O,S_a,-0.001113,0.004022,-0.01171,0.004732,0.007321,-0.004506,0.004507,-0.02326
H_O,S_H,0.0332,0.01438,0.002534,-0.02584,-0.02555,-0.04215,-0.04442,-0.03598
H_O,P,-0.0504,-0.0464,-0.001663,0.01919,-0.003253,-0.001947,-0.01392,-0.002695
H_O,U,0.03872,0.006558,-0.0002027,-0.01616,0.01061,0.03545,-0.005865,-0.02643
H_S,H,0.002976,0.0234,0.008265,0.009609,-0.001524,0.01164,-0.02315,-0.08609
H_S,H_N,-0.01747,-0.02051,-0.007088,-0.02121,-0.002006,-0.002626,-0.01409,-0.02677
H_S,H_O,0.02981,0.01436,-0.01745,-0.04332,-0.03526,-0.06585,-0.1032,-0.07694
H_S,H_S,-0.01702,-0.04907,-0.07804,-0.1085,-0.07722,-0.05576,-0.05307,-0.03872
H_S,H_ba,-0.008036,-0.03572,-0.08118,-0.04883,-0.05505,-0.08682,-0.09343,-0.07145
H_S,C,0.02322,0.04605,0.0043,-0.01883,-0.03743,-0.001802,-0.01447,-0.01522
H_S,C_a,0.0379,0.01806,0.0004883,-0.01142,-0.05541,-0.06951,-0.08451,-0.1256
H_S,C_SP2,0.0508,0.0283,0.019,0.04049,0.09752,0.05445,0.0219,-0.05261
H_S,C_SP,-0.009464,0.005384,0.009817,0.01118,0.01089,0.01518,-0.00959,0.01539
H_S,F,0.02694,-0.004557,0.003283,0.01228,0.01062,0.01667,-0.02615,-0.01906
H_S,F_ba,0.02224,0.002098,-0.01657,-0.01662,0.02293,-0.0119,-0.006644,-0.0007688
H_S,Cl,0.01296,0.01186,0.01806,-0.009249,0.01689,-0.008238,-0.0116,0.01402
H_S,Cl_ba,0.002677,-0.003025,0.009085,0.006191,-0.0122,-0.02564,0.02406,0.03104
H_S,Br,0.01276,-0.00671,-0.005428,-0.01043,0.01969,0.002851,0.02437,0.04353
H_S,Br_ba,0.006844,0.003665,0.02022,-0.01523,-0.00909,-0.002938,0.005847,0.004993
H_S,I,0.01495,-0.001109,0.01116,-0.0008098,-0.005646,-0.003675,0.004962,0.004998
H_S,I_ba,0.01666,0.01108,0.0113,0.006137,-0.01074,-0.01236,0.01299,-0.00327
H_S,N_D,0.02483,0.007531,0.007628,0.003385,-0.004154,0.00239,-0.009105,-0.00284
H_S,N_a_D,0.07106,0.04994,0.0285,0.003387,0.0172,-0.02676,-0.03055,-0.03662
H_S,N_ba_D,0.07263,0.0412,0.04742,0.01859,0.02916,-0.005014,0.005437,0.01982
H_S,Np_D,0.02077,0.01161,0.009489,0.004846,0.05049,0.1736,0.2203,0.1428
H_S,N_SP2_D,-0.003113,-0.02016,0.02177,0.01472,-0.002542,0.02304,-0.01126,-0.006395
H_S,N_AMID_D,0.05651,0.04715,0.006607,-0.05318,-0.01263,-0.02938,-0.05797,-0.09219
H_S,Np_RES_D,0.07501,0.0229,-0.007879,-0.0211,0.00908,-0.03092,-0.06524,-0.02723
H_S,N_DA,0.02756,0.0004691,0.01743,-0.001251,0.0006587,0.004616,0.01132,0.004305
H_S,N_a_DA,0.02133,0.004749,0.01642,-0.0157,-0.04587,-0.05919,-0.04996,-0.03996
H_S,O_DA,0.02627,0.01603,0.02066,-0.007611,0.02961,0.01986,-0.05487,-0.07552
H_S,O_ba_DA,-0.02264,-0.02127,-0.036,-0.05305,-0.06416,-0.05964,-0.07758,-0.03418
H_S,Met_DA,-0.002702,-0.03528,-0.06834,-0.122,-0.09927,-0.07716,0.005662,0.03833
H_S,N_A,-0.01648,0.01949,-0.009126,0.006687,0.01565,-0.02071,0.003312,0.006483
H_S,N_a_A,-6.831e-07,-0.006134,-0.01918,-0.02343,-0.0002862,-0.03237,-0.0133,0.01163
H_S,O_A,0.02181,0.03368,0.01414,0.0002816,-0.08924,-0.1068,-0.04932,-0.02488
H_S,O_a_A,0.0162,0.01205,-0.0171,-0.006013,0.005103,0.003999,0.01085,-4.289e-05
H_S,On_A,0.02304,0.03868,0.05869,0.1055,0.05501,0.0241,-0.02725,-0.05267
H_S,O_SP2_A,0.03135,0.03341,0.07472,0.0576,0.0533,0.04457,-0.04791,0.009661
H_S,O_AMID,0.02123,0.05472,0.04293,0.07503,0.04605,-0.03855,-0.1189,-0.1006
H_S,O_CAR,0.02075,0.0026,-0.006291,-0.002218,-0.03915,-0.009523,-0.02857,-0.04128
H_S,O_ALD,0.0921,0.1052,0.1796,0.2573,0.3218,0.2874,0.2363,0.1636
H_S,N,0.05126,0.007911,-0.02342,-0.05876,-0.04351,0.006125,-0.008546,-0.05679
H_S,Np,0.008499,-0.005371,0.0009816,-0.01222,0.0243,0.01555,0.01442,0.03637
H_S,N_SP,0.02017,-0.002037,-0.002907,0.01238,0.02995,0.01496,0.01639,-0.03448
H_S,O,0.0006803,-0.01571,-0.01605,0.002796,0.001348,0.008407,0.03003,0.009614
H_S,On,0.003561,0.02343,-0.002013,0.00159,0.02553,0.00766,0.0002409,-0.00323
H_S,S,0.04204,0.055,0.03498,-0.004088,-0.009997,-0.0096,-0.0192,-0.06006
H_S,S_a,-0.009454,-0.004303,-0.01832,0.00336,0.004029,0.01006,-0.004713,0.01897
H_S,S_H,0.004767,-0.009193,-0.04303,-0.05727,-0.1148,-0.08542,-0.01611,0.02745
H_S,P,0.0605,0.05166,0.08148,0.07975,0.04608,-0.02128,-0.0462,-0.058
H_S,U,0.01074,-0.01761,0.002776,-0.03027,0.02027,-0.01393,-0.02002,-0.03041
H_ba,H,0.04363,-0.05798,-0.01933,0.03889,0.06239,-0.01215,-0.05148,-0.04784
H_ba,H_N,0.04761,0.0141,0.02058,0.07665,0.07168,-0.02431,-0.07143,-0.02984
H_ba,H_O,-0.02646,-0.03151,-0.03017,0.01573,0.04114,0.02206,0.007744,0.01329
H_ba,H_S,0.003296,-0.05837,-0.07031,0.02023,0.07373,0.06798,-0.04432,-0.131
H_ba,H_ba,0.03516,0.02522,0.004972,0.01291,-0.004588,-0.02348,-0.07115,-0.06301
H_ba,C,0.00203,0.01347,0.008118,-0.02681,-0.02999,0.01168,-0.05305,-0.08336
H_ba,C_a,0.02594,-0.04684,-0.06126,-0.002935,0.06835,0.0443,-0.02439,-0.0637
H_ba,C_SP2,0.07752,-0.01247,-0.1008,-0.05499,0.07656,0.08216,-0.02415,-0.103
H_ba,C_SP,0.01904,-0.007851,0.005624,-0.005714,0.01273,0.02202,0.0103,0.01417
H_ba,F,0.04762,0.05878,0.03454,0.02355,0.01535,0.05483,0.05088,0.006164
H_ba,F_ba,-0.009385,0.02579,0.01765,-0.003354,-0.0117,-0.01072,-0.02788,0.002373
H_ba,Cl,-0.08549,-0.1089,-0.1027,-0.04217,-0.03035,-0.001935,0.0139,0.03888
H_ba,Cl_ba,0.000751,-0.004225,0.004718,0.02559,0.004854,0.002443,-0.01049,-0.01242
H_ba,Br,-0.02582,-0.04236,-0.02028,-0.02,-0.02247,-0.03166,-0.06956,-0.0147
H_ba,Br_ba,-0.0007195,-0.001834,0.01015,-0.005162,-0.002956,-0.004159,0.008996,-0.003739
H_ba,I,-0.04028,-0.06772,-0.07856,-0.0621,0.01214,0.007926,0.007259,0.03348
H_ba,I_ba,-0.01181,0.005214,0.005781,0.01074,-0.005299,0.01211,0.01747,0.003037
H_ba,N_D,0.00715,-0.001789,0.01757,-0.04564,-0.06072,-0.04711,0.04405,0.04113
H_ba,N_a_D,0.02533,0.01412,-0.05249,-0.08249,-0.0401,-0.05,-0.1126,-0.1288
H_ba,N_ba_D,0.0363,0.05204,-0.01036,-0.006029,-0.006789,-0.05089,-0.08542,-0.09708
H_ba,Np_D,-0.0986,-0.05834,0.01661,0.1164,0.2692,0.2523,-0.01538,-0.06928
H_ba,N_SP2_D,-0.008402,-0.005536,0.01052,0.01364,0.007399,0.03357,0.01099,0.01627
H_ba,N_AMID_D,-0.02369,-0.03067,0.006315,0.00188,-0.05671,-0.08017,-0.07541,-0.01289
H_ba,Np_RES_D,-0.04001,-0.06967,-0.03115,-0.04061,-0.01735,-0.02427,-0.0974,-0.1579
H_ba,N_DA,0.00733,0.001969,-0.0305,0.004074,0.00745,0.008995,0.007288,0.008941
H_ba,N_a_DA,0.03564,0.006277,-0.01148,0.01741,0.05733,0.06511,-0.006475,0.01652
H_ba,O_DA,0.0191,-0.04311,-0.008615,0.06285,0.07996,-0.02956,-0.05487,-0.03238
H_ba,O_ba_DA,0.05995,-0.06468,-0.06688,0.0139,0.05929,0.06437,0.04958,-0.02042
H_ba,Met_DA,0.1204,0.1005,0.05553,-0.01704,-0.1225,-0.2233,-0.1933,-0.1272
H_ba,N_A,-0.003362,0.01393,-0.005763,0.002046,0.01192,0.006573,-0.005853,-0.02463
H_ba,N_a_A,-0.03366,-0.03285,0.02405,0.08304,0.09963,0.01996,-0.00742,0.05152
H_ba,O_A,0.02136,-0.005506,-0.03261,0.04369,0.07703,0.06144,0.009779,0.005406
H_ba,O_a_A,-0.002104,0.005403,-0.01164,-0.01383,-0.002044,0.0003143,-0.00512,0.01205
H_ba,On_A,0.02527,-0.1002,-0.02769,0.04882,0.001443,-0.1313,-0.1913,-0.1396
H_ba,O_SP2_A,0.04267,0.02299,0.01259,-0.006785,0.04051,0.06169,0.0002728,-0.01267
H_ba,O_AMID,-0.03231,-0.1093,-0.0559,0.0128,0.00499,-0.0799,-0.1474,-0.1377
H_ba,O_CAR,0.03452,-0.01088,-0.07066,-0.007146,0.07677,0.01886,-0.102,-0.175
H_ba,O_ALD,0.1499,0.1836,0.2551,0.3949,0.2932,0.1219,0.04304,0.08305
H_ba,N,-0.05922,-0.05491,-0.03463,-0.02253,-0.06235,-0.1217,-0.1149,-0.08328
H_ba,Np,-0.02875,-0.01206,-0.04006,-6.14e-05,0.02346,0.02386,0.04043,0.02727
H_ba,N_SP,-0.003264,-0.006242,-0.0007925,-0.01296,-0.005891,-0.005973,-0.007308,-0.01151
H_ba,O,-0.0006929,0.009355,0.001013,0.01146,0.01383,-0.005941,0.01315,-0.01074
H_ba,On,0.003105,-0.01186,-0.01677,0.006559,-0.02166,0.01161,-0.01636,0.00693
H_ba,S,0.05245,-0.07749,-0.1256,-0.05983,0.05475,0.03292,-0.05342,-0.09705
H_ba,S_a,0.01369,-0.02103,-0.005384,-0.003655,0.003686,-0.006973,-0.01086,-0.003956
H_ba,S_H,0.08231,-0.01594,-0.04346,-0.008032,0.07077,0.02594,-0.0421,0.0009066
H_ba,P,-0.04138,-0.05715,-0.06097,0.006052,0.05999,0.1247,0.04007,0.006837
H_ba,U,-0.04721,-0.04349,-0.008421,0.04089,0.0333,0.003864,-0.0776,-0.1322
C,H,0.03336,0.1132,0.06093,-0.07518,-0.04245,0.01804,0.01738,-0.005575
C,H_N,0.01573,0.01941,0.02788,0.0249,-0.06304,-0.04323,0.01289,0.007887
C,H_O,0.02541,-0.008525,-0.01235,-0.02478,-0.01281,0.01021,0.03303,0.01082
C,H_S,-0.01278,0.01506,-0.004176,-0.09198,-0.1036,0.02487,0.07535,4.959e-07
C,H_ba,0.07866,0.09574,0.05192,-0.04205,-0.05378,0.0268,0.08378,-0.04365
C,C,-0.004651,-0.0148,0.04181,-0.01693,-0.05297,-0.09772,0.07152,0.03173
C,C_a,0.04013,0.0423,0.07287,-0.03663,-0.1333,-0.07059,0.08287,0.09126
C,C_SP2,-0.08324,-0.04533,-0.04235,-0.108,-0.06664,0.165,0.2958,0.1068
C,C_SP,-0.001285,-0.0184,0.01217,0.007344,-0.01503,-0.004043,-0.01629,0.03302
C,F,0.01624,-0.01843,-0.02664,-0.03279,0.03008,0.09814,0.09095,0.1083
C,F_ba,0.004234,-0.0358,-0.007762,0.00718,-0.02357,0.01765,0.01004,-0.02323
C,Cl,-0.004148,0.02848,0.0248,0.02868,-0.02899,0.04619,0.1307,0.1747
C,Cl_ba,0.009558,-0.01056,-0.005204,-0.003908,0.01686,-0.009846,0.01496,0.001191
C,Br,-0.01424,-0.006216,-0.004517,-0.04263,-0.05356,0.01247,0.07138,0.1275
C,Br_ba,-0.00503,-0.02008,-0.01248,0.01449,0.001232,-0.007952,0.001816,0.02552
C,I,0.03569,0.01784,0.01995,0.02077,-0.01784,-0.02532,0.01051,0.04815
C,I_ba,-0.001909,-0.009838,-0.0142,-0.01253,0.001448,0.004132,-0.01085,0.0007896
C,N_D,0.003793,-0.03163,-0.002658,-0.01644,-0.03441,-0.006924,-0.002115,0.03461
C,N_a_D,0.03576,0.03477,-0.003511,-0.0799,-0.05622,0.03477,-0.0496,-0.1544
C,N_ba_D,0.0365,-0.01161,-0.04857,-0.06918,-0.06522,0.0473,0.04149,-0.03463
C,Np_D,0.03706,-0.02456,-0.09915,-0.1728,-0.1172,0.1131,0.3067,0.1989
C,N_SP2_D,0.01011,0.01585,-0.01674,-0.004119,-0.01105,-0.01404,0.01874,0.006642
C,N_AMID_D,0.01649,0.04398,0.01291,-0.01234,0.0348,0.02717,0.03165,-0.04926
C,Np_RES_D,0.06102,0.06113,0.05622,-0.03688,-0.07041,-0.0645,-0.0327,-0.02529
C,N_DA,-0.01097,-0.003781,0.01077,0.0007972,0.009825,0.0266,0.03128,-0.05302
C,N_a_DA,0.03483,0.0541,-0.0168,-0.03473,-0.003934,0.0533,0.02442,-0.06347
C,O_DA,0.1244,0.09874,0.02703,-0.06992,-0.01129,0.1084,0.1562,0.04651
C,O_ba_DA,0.138,0.1064,0.08925,0.03134,-0.06794,-0.1088,-0.005423,0.06613
C,Met_DA,-0.05452,0.01193,0.07365,0.1456,0.08472,0.03466,0.1678,0.2029
C,N_A,-0.002885,0.006568,0.02087,-0.00297,0.01016,0.007574,0.005608,-0.04174
C,N_a_A,-0.02385,-0.003406,0.01277,0.008995,0.01235,-0.02455,-0.07218,-0.05781
C,O_A,0.07605,0.03375,-0.0183,-0.08361,-0.03892,0.01119,-0.01441,-0.05234
C,O_a_A,-0.01549,0.0256,-0.005494,0.003463,-0.01562,-0.008792,-0.01307,-0.01548
C,On_A,0.1809,0.05316,-0.07681,-0.1299,-0.06117,0.02719,-0.01819,-0.05004
C,O_SP2_A,-0.02496,-0.05408,-0.03028,-0.02725,0.03539,0.1318,0.06799,-0.03349
C,O_AMID,0.1818,0.1071,0.01084,-0.1227,-0.05651,0.02116,-0.04227,-0.02421
C,O_CAR,0.05651,-0.003819,-0.01517,-0.0867,-0.1598,-0.1122,-0.003887,0.04533
C,O_ALD,0.07251,0.1018,0.118,0.2795,0.4771,0.5157,0.2414,0.01185
C,N,0.0135,0.03542,0.08546,0.06174,-0.01153,-0.06186,-0.02459,0.08544
C,Np,-0.03796,-0.05145,-0.04014,-0.04263,0.02382,0.09587,0.1195,0.001143
C,N_SP,0.03224,0.005246,-0.009706,0.0006147,0.01821,0.01246,-0.008165,0.01772
C,O,0.008179,0.004115,0.00669,0.01397,-0.008016,0.0111,-0.003786,-0.01795
C,On,0.0007669,-0.04326,0.01736,0.0008788,0.000855,0.02739,0.01509,0.01696
C,S,0.07017,0.07588,0.01042,-0.1167,-0.185,-0.006792,0.195,0.07686
C,S_a,0.009381,0.01922,0.01073,-0.02083,0.009494,0.01759,-0.008689,0.02627
C,S_H,0.02195,0.0333,0.04538,-0.04275,-0.1338,-0.1395,-0.04166,-0.08358
C,P,-0.006894,-0.07146,-0.119,-0.1463,-0.03062,0.1224,0.1341,-0.01269
C,U,-0.07256,-0.04784,0.02082,0.03089,-0.109,-0.1267,0.07411,0.09665
C_a,H,0.0408,0.03099,-0.007359,-0.06848,0.0004737,-0.03164,0.01136,-0.03764
C_a,H_N,0.1453,0.08142,0.02085,0.02679,-0.03565,-0.02379,0.01742,-0.003806
C_a,H_O,0.056,-0.02492,-0.005888,0.00397,0.0168,-0.01532,-0.07234,-0.01327
C_a,H_S,-0.02043,-0.02984,-0.0167,-0.03799,-0.05327,-0.03291,0.03217,0.04035
C_a,H_ba,0.02629,0.005054,-0.02102,-0.0778,-0.02914,-0.002914,0.01736,-0.08371
C_a,C,0.08078,0.00601,-0.01778,-0.1199,-0.08015,-0.02786,0.07119,0.02855
C_a,C_a,0.09727,0.01179,-0.03577,-0.08882,-0.02872,-0.02835,0.006734,0.00919
C_a,C_SP2,-0.1153,-0.1745,-0.1948,-0.1441,0.03707,0.2918,0.2692,0.02883
C_a,C_SP,0.01098,-0.03401,-0.01347,-0.03314,0.002845,0.02488,0.03538,0.02564
C_a,F,0.09809,0.02586,0.0726,0.01561,-0.01484,0.009595,-0.02428,-0.04795
C_a,F_ba,0.008234,-0.009158,0.02309,0.01856,0.0312,0.03993,-0.00181,-0.03877
C_a,Cl,-0.06008,-0.101,-0.1366,-0.09024,-0.05633,-0.03587,-0.06943,-0.04902
C_a,Cl_ba,0.007322,-0.01355,0.003524,0.006932,0.004803,-0.01676,-0.00101,0.01653
C_a,Br,0.03828,0.0413,0.02648,-0.0199,-0.1075,-0.1629,0.009508,0.1167
C_a,Br_ba,0.006885,0.006516,-0.0214,0.02029,0.008342,0.02264,0.004379,0.01061
C_a,I,0.03697,0.03485,0.01538,-0.006013,-0.06806,-0.0974,-0.06308,0.03102
C_a,I_ba,0.04006,0.007934,-0.04136,0.02653,-0.0203,0.01583,-0.004455,0.007333
C_a,N_D,-0.05285,-0.01875,-0.01178,-0.01767,0.02839,0.04978,0.05941,0.1368
C_a,N_a_D,-0.09024,-0.1354,-0.1985,-0.06622,0.183,0.2271,-0.08221,-0.296
C_a,N_ba_D,0.1515,0.06477,0.0235,-0.1399,-0.2069,-0.1748,0.05262,0.1154
C_a,Np_D,-0.1087,-0.117,-0.1307,-0.17,-0.1042,0.2341,0.6011,0.5021
C_a,N_SP2_D,0.02993,-0.009432,-0.007729,0.0004915,0.01914,0.03034,0.01632,0.03381
C_a,N_AMID_D,0.07431,0.001676,-0.1011,-0.118,0.03568,0.009545,-0.05953,-0.1582
C_a,Np_RES_D,0.002226,-0.06293,-0.1241,-0.1313,-0.06318,0.0359,-0.008584,-0.04038
C_a,N_DA,-0.01254,0.02232,-0.003415,0.01994,0.05542,-0.01367,-0.01892,-0.01938
C_a,N_a_DA,0.0942,0.02294,-0.048,-0.09948,-0.06523,0.09132,0.0388,-0.1267
C_a,O_DA,0.2385,0.1104,-0.002978,-0.06805,0.06355,0.08308,0.0194,-0.05038
C_a,O_ba_DA,0.2088,0.1652,0.06512,-0.01696,-0.07241,-0.05625,-0.07615,-0.08079
C_a,Met_DA,-0.0602,-0.04044,-0.001703,0.09466,0.04682,0.06255,0.2612,0.2687
C_a,N_A,0.01332,0.0117,0.01575,-0.016,-0.01054,0.02242,0.02931,-0.02115
C_a,N_a_A,-0.003839,-0.04614,-0.1209,-0.08664,-0.02848,0.09847,0.0545,-0.09226
C_a,O_A,0.05602,0.03263,-0.07871,-0.1038,-0.07659,0.03944,0.02267,-0.075
C_a,O_a_A,-0.006401,0.003371,-0.007543,-0.01516,0.002109,0.01756,-0.009204,-0.03369
C_a,On_A,0.3272,0.2037,0.06808,0.02475,0.005785,-0.04883,-0.08735,-0.07251
C_a,O_SP2_A,0.0569,0.004155,0.03995,0.01641,0.06837,0.1073,0.09517,0.03264
C_a,O_AMID,0.3203,0.2426,0.09714,0.02055,-0.04772,-0.003351,-0.0513,-0.1559
C_a,O_CAR,0.1672,0.1136,0.01027,-0.1933,-0.3403,-0.2582,-0.1855,-0.05578
C_a,O_ALD,0.1818,0.2384,0.3283,0.5749,0.8972,0.8343,0.4753,0.1374
C_a,N,-0.01722,0.1288,0.1672,0.115,-0.06577,-0.1265,-0.09076,-0.02946
C_a,Np,-0.004468,0.003716,-0.007735,0.03472,0.1071,0.1143,0.0611,-0.0245
C_a,N_SP,-0.002817,0.01334,-0.02247,-0.02396,0.004721,-0.0129,0.006369,0.02184
C_a,O,-0.006452,0.01743,-0.001517,0.0286,0.005374,-0.001545,0.006453,-0.01597
C_a,On,-0.01094,0.02956,-0.00212,0.001305,-0.00562,-0.01324,-0.0381,0.006339
C_a,S,0.1672,0.158,0.04574,-0.1136,-0.1507,-0.03829,0.08529,0.07768
C_a,S_a,0.01504,0.001511,0.02528,-0.03279,0.004265,0.004879,0.01436,0.01831
C_a,S_H,0.05293,0.04396,0.02621,-0.0206,-0.05829,-0.04488,-0.04649,-0.1821
C_a,P,-0.1048,-0.07057,-0.095,-0.07061,0.03199,0.04918,0.126,0.03128
C_a,U,0.0005627,-0.01108,-0.01544,-0.0542,-0.0579,-0.09821,0.05012,0.05397
C_SP2,H,0.03634,0.04254,-0.02412,-0.06068,0.03855,0.006701,-0.1093,-0.1155
C_SP2,H_N,0.05335,-0.02058,-0.06099,0.0204,-0.05761,-0.04579,-0.006803,-0.04398
C_SP2,H_O,0.03084,-0.0363,0.01035,-0.02526,-0.0137,0.01329,-0.01703,-0.07871
C_SP2,H_S,-0.02343,0.01814,0.07353,0.04878,0.0003816,-0.1179,-0.2152,-0.2013
C_SP2,H_ba,0.04057,-0.01428,0.007521,-0.03063,0.00524,-0.03389,0.01116,-0.06732
C_SP2,C,0.02572,0.004873,-0.01371,-0.1172,-0.074,0.0541,0.09806,-0.02162
C_SP2,C_a,0.0616,0.01534,-0.03319,-0.07695,-0.0455,-0.004293,0.04059,-0.01668
C_SP2,C_SP2,-0.02899,-0.07421,-0.06717,-0.07548,0.04757,0.2142,0.2235,0.07202
C_SP2,C_SP,0.008002,-0.02226,0.02717,-0.01417,0.004727,0.009207,0.03047,-0.001444
C_SP2,F,0.04446,0.02695,0.02289,0.02022,-0.003161,-0.006038,-0.06283,-0.09504
C_SP2,F_ba,0.007626,0.0008123,0.002145,0.00636,-0.003698,0.02038,0.006594,-0.02082
C_SP2,Cl,-0.02531,-0.0604,-0.05168,-0.04348,-0.05219,-0.01156,-0.07554,-0.0215
C_SP2,Cl_ba,-0.02542,3.769e-05,0.0006678,0.01861,0.0107,0.00294,-0.004459,0.01424
C_SP2,Br,0.01021,0.00121,0.01219,-0.0419,-0.05869,-0.1056,0.004179,0.09141
C_SP2,Br_ba,0.008332,0.01967,0.008876,0.02163,0.01808,-0.01832,-0.01062,0.02921
C_SP2,I,-0.003946,-0.001187,0.013,-0.0118,-0.009296,-0.02556,-0.0134,0.02516
C_SP2,I_ba,0.03951,-0.002011,-0.01583,-0.01581,-0.002642,-0.01346,0.003211,0.01181
C_SP2,N_D,0.008575,-0.03791,-0.03086,-0.09971,-0.08967,0.06732,0.1262,0.1582
C_SP2,N_a_D,0.05579,-0.004124,-0.05748,-0.1345,-0.0743,0.07841,0.07445,-0.005275
C_SP2,N_ba_D,0.1529,0.09551,0.05108,-0.04628,-0.08983,-0.04735,0.04349,0.08714
C_SP2,Np_D,0.00912,-0.03967,-0.1039,-0.1369,-0.07608,0.1805,0.4708,0.4526
C_SP2,N_SP2_D,-0.0002538,-0.003941,0.00944,0.01438,-0.008306,0.01914,-0.01128,0.02206
C_SP2,N_AMID_D,0.07188,0.01872,-0.01819,-0.03987,0.06522,-0.005283,-0.1125,-0.2092
C_SP2,Np_RES_D,0.1417,0.08082,-0.04056,-0.1296,-0.08451,-0.02874,-0.05307,-0.07891
C_SP2,N_DA,0.03543,0.007781,0.009112,0.01749,-0.00824,-0.01153,0.007173,0.01293
C_SP2,N_a_DA,0.08665,0.09559,0.001432,-0.001435,0.03608,0.09119,-0.04788,-0.1526
C_SP2,O_DA,0.1358,0.04621,-0.002023,-0.08865,0.0007355,0.08414,0.05334,-0.1085
C_SP2,O_ba_DA,0.07661,0.03887,0.01507,-0.0008808,-0.01999,-0.104,-0.09043,-0.1024
C_SP2,Met_DA,-0.08295,-0.135,-0.1304,-0.02024,0.002644,-0.07348,0.06135,0.18
C_SP2,N_A,-0.0346,0.01187,0.002447,0.0147,0.005203,0.02879,-0.005283,-0.00342
C_SP2,N_a_A,0.01209,-0.01759,-0.0213,0.0182,0.04515,0.02838,-0.02502,-0.01931
C_SP2,O_A,0.02475,-0.01424,-0.08705,-0.1198,-0.172,-0.1041,-0.03078,-0.01715
C_SP2,O_a_A,0.002341,0.01122,-0.005502,0.01191,-0.003065,0.005292,-0.0003267,-0.0003147
C_SP2,On_A,0.1479,0.0883,0.0005055,-0.04457,0.01753,-0.002235,-0.1227,-0.2305
C_SP2,O_SP2_A,0.1775,0.1337,0.1089,0.103,0.04725,0.01371,-0.04996,-0.01669
C_SP2,O_AMID,0.1987,0.1304,-0.001745,-0.07258,-0.04424,0.01108,-0.05869,-0.1349
C_SP2,O_CAR,0.1857,0.1299,0.0381,-0.07796,-0.1477,-0.09563,-0.02219,-0.04148
C_SP2,O_ALD,0.1824,0.2244,0.3739,0.6911,0.9555,0.837,0.5241,0.2011
C_SP2,N,0.01513,0.09429,0.06687,0.05704,-0.02834,-0.09712,-0.09722,0.05169
C_SP2,Np,-0.0142,-0.024,-0.03894,0.004687,0.05991,0.02606,0.1085,0.08216
C_SP2,N_SP,0.01713,-0.006664,-0.01096,0.006286,0.0163,-0.02119,-0.01304,0.01341
C_SP2,O,0.009182,0.03708,0.01345,-0.01606,0.01336,0.00797,-0.005643,0.005963
C_SP2,On,0.01057,-0.02184,-0.001743,0.01061,-8.59e-05,0.04078,-0.01038,0.008067
C_SP2,S,0.1445,0.06223,-0.01866,-0.0933,-0.09623,0.0006256,0.07264,0.1054
C_SP2,S_a,0.03755,-0.02647,0.005278,-0.02789,0.02248,0.02825,-0.0296,-0.01057
C_SP2,S_H,0.05349,0.09133,0.0548,0.003848,-0.05631,-0.1056,-0.1156,-0.1598
C_SP2,P,-0.05894,-0.004265,-0.02988,0.02416,0.03691,0.005757,-0.04275,-0.07119
C_SP2,U,0.03895,0.05451,0.01052,-0.04743,-0.09653,-0.1155,-0.004436,-0.01694
C_SP,H,0.05565,0.009153,-0.05201,-0.06083,-0.07116,-0.0573,-0.05389,-0.06166
C_SP,H_N,0.05624,0.03916,0.02257,0.009384,-0.01771,-0.007794,-0.01402,-0.002367
C_SP,H_O,0.00838,0.02529,0.02109,0.04185,0.006793,-0.05526,-0.08072,-0.06728
C_SP,H_S,-0.0007431,-0.002358,0.006772,0.01117,-0.008384,-0.03906,-0.05239,-0.07307
C_SP,H_ba,0.07478,0.00572,-0.01027,-0.02748,-0.05612,-0.06801,-0.05931,-0.04483
C_SP,C,0.03384,0.003262,-0.01187,-0.03015,0.0003023,0.006176,0.01832,-0.02766
C_SP,C_a,0.05697,0.01487,-0.03916,-0.05305,-0.06319,-0.06206,-0.01939,-0.007658
C_SP,C_SP2,-0.01855,-0.03212,-0.06404,-0.03544,0.04802,0.1221,0.03771,-0.07645
C_SP,C_SP,-0.003305,0.006286,0.006888,-0.0009627,0.003095,-0.003305,0.01387,-0.01867
C_SP,F,0.004815,-0.009292,-0.01805,0.006035,0.003226,-0.007901,0.005018,-0.01069
C_SP,F_ba,0.005684,-0.0002984,-0.00121,0.02728,-0.002972,0.00624,-0.005856,-0.003199
C_SP,Cl,0.008778,-0.004448,-0.01038,-0.01537,-0.01158,-0.003107,0.01627,-0.00343
C_SP,Cl_ba,-0.02502,-0.01066,0.00788,-0.01201,0.008652,-0.002782,-0.00769,0.009761
C_SP,Br,0.009376,-0.003754,-0.01388,-0.02171,-0.03151,-0.02938,0.0219,0.04236
C_SP,Br_ba,0.003103,-0.008453,-0.008537,0.00578,0.01337,-0.00586,0.009019,0.01014
C_SP,I,0.02463,-0.006386,0.02537,-0.00122,-0.0178,-0.04852,-0.02002,0.004962
C_SP,I_ba,-1.37e-05,-0.008678,-0.01562,-0.004195,0.004525,0.009902,-0.01801,-0.009005
C_SP,N_D,-0.005317,0.001455,-0.01967,-0.02263,0.009046,0.06123,0.02848,0.00223
C_SP,N_a_D,0.02124,0.01206,-0.01388,0.02976,0.01254,0.02638,-0.03615,-0.0531
C_SP,N_ba_D,0.02592,0.01903,0.006036,-0.0196,0.002447,-0.03376,-0.001491,-0.01645
C_SP,Np_D,-0.02321,-0.0284,-0.03239,-0.01065,0.1033,0.2497,0.3029,0.2026
C_SP,N_SP2_D,0.01746,-0.01666,0.0283,-0.005622,0.004528,0.01849,0.001748,0.01693
C_SP,N_AMID_D,0.04384,0.02893,-0.02238,-0.01922,-0.009919,-0.0489,-0.1775,-0.1716
C_SP,Np_RES_D,0.02718,0.01567,-0.02468,-0.05142,-0.02213,0.01511,-0.006457,0.004905
C_SP,N_DA,-0.006742,-0.004668,0.01384,0.004694,0.005813,0.02704,0.0207,-0.003777
C_SP,N_a_DA,0.001437,-0.03043,-0.02849,-0.03983,-0.02415,-0.008665,-0.05099,-0.084
C_SP,O_DA,0.05992,0.0296,0.04151,0.04448,0.02372,-0.02875,-0.0499,-0.0687
C_SP,O_ba_DA,0.03946,0.0185,0.02272,-0.0005031,-0.0179,-0.03056,-0.06435,-0.07243
C_SP,Met_DA,0.01825,0.02869,0.01961,0.02857,0.003412,-0.01719,0.05105,0.04238
C_SP,N_A,-0.01705,0.01449,0.0141,-0.01071,0.001321,-0.0009741,0.008431,0.008807
C_SP,N_a_A,-0.009335,-0.003855,0.002834,0.01532,0.008488,0.01792,0.003469,0.003257
C_SP,O_A,-0.0006467,-0.008096,-0.04171,-0.0653,-0.05715,-0.02813,-0.009554,-0.04321
C_SP,O_a_A,0.003259,0.01123,0.01614,-0.00146,-0.01657,0.005464,0.008362,-0.0006524
C_SP,On_A,0.04397,0.02741,0.04869,0.05365,0.07244,0.001012,-0.04362,-0.09502
C_SP,O_SP2_A,0.007214,0.03958,0.02015,0.0337,0.01636,0.01016,-0.02036,-0.001767
C_SP,O_AMID,0.05502,0.03431,0.02515,0.0158,-0.05491,-0.08276,-0.1233,-0.1354
C_SP,O_CAR,0.0057,-0.003481,-0.01359,-0.04191,-0.03653,-0.05619,-0.06072,-0.06585
C_SP,O_ALD,0.0944,0.1266,0.2481,0.3823,0.4801,0.4607,0.2739,0.134
C_SP,N,-0.005505,0.02677,0.03032,0.0008671,0.02845,0.05391,0.1053,0.09214
C_SP,Np,-0.015,-0.009575,-0.009339,-0.001279,0.07202,0.05144,0.06659,0.01958
C_SP,N_SP,-0.008033,0.02045,-0.005213,0.007349,0.0001945,-0.01216,-0.02249,-0.01189
C_SP,O,-0.001621,0.0229,-0.01451,-0.01222,0.0128,-0.002224,-0.007132,-0.004722
C_SP,On,-0.01003,-0.006041,0.00441,0.004131,-0.01734,-0.007303,0.02296,0.003633
C_SP,S,0.0417,0.05265,-0.02348,-0.0272,-0.03101,-0.004251,0.004274,-0.0375
C_SP,S_a,-0.008561,-0.008476,0.0232,0.001907,-0.01425,0.007409,-0.02733,-0.004783
C_SP,S_H,0.01881,0.006947,0.004087,0.0004159,-0.0004807,-0.02445,-0.05952,-0.07326
C_SP,P,-0.0328,-0.01479,-0.007053,-0.00986,-0.0173,0.01163,-0.02394,-0.04228
C_SP,U,0.03632,0.03997,0.02856,-0.001936,-0.01244,-0.05536,-0.00126,-0.007159
F,H,0.05302,-0.009552,-0.08501,-0.04253,0.02165,-0.03892,-0.1486,-0.1466
F,H_N,0.09875,0.07768,0.03007,-0.01293,-0.03422,0.02124,0.06106,0.0316
F,H_O,0.02337,0.05696,0.05362,0.09145,0.02978,-0.05359,-0.1507,-0.1111
F,H_S,0.05977,0.06598,0.06561,0.04083,-0.03507,-0.1072,-0.07783,-0.1221
F,H_ba,0.033,-0.05314,-0.07708,-0.04855,-0.02617,-0.04045,-0.07745,-0.1587
F,C,0.05221,0.008368,-0.06892,-0.08643,-0.02068,0.01246,0.04041,-0.08997
F,C_a,0.1073,0.04406,0.01717,-0.05291,-0.04099,-0.04375,-0.03337,-0.06574
F,C_SP2,-0.0708,-0.09801,-0.1181,-0.04086,0.08089,0.1667,0.09076,-0.06707
F,C_SP,-0.01136,0.008241,0.02142,-0.00947,0.002031,0.005898,0.02496,0.009503
F,F,0.008254,-0.0009469,0.04122,0.02818,0.05863,0.1482,0.1159,0.06833
F,F_ba,0.00679,-0.0465,0.0103,-0.004818,0.04496,0.01721,0.01023,-0.01102
F,Cl,-0.01302,0.003341,-0.005884,-0.01189,0.05711,0.02504,0.0008005,-0.05147
F,Cl_ba,-0.01102,0.003203,-0.0114,0.00115,0.01302,0.01881,-0.02112,0.01676
F,Br,0.03596,-0.01614,-0.0206,-0.01712,0.009405,-0.05052,0.01804,0.08246
F,Br_ba,-0.0004532,0.01269,0.002805,-0.0005153,-0.02567,-0.03396,-0.03219,0.01552
F,I,0.07244,0.04519,0.02468,0.02597,0.01709,-0.09138,-0.0642,-0.03036
F,I_ba,0.0005566,-0.01143,0.00392,-0.001883,-0.001539,-0.006478,-0.01404,-0.02762
F,N_D,-0.01205,-0.04787,-0.03505,-0.1069,-0.03617,-0.01636,0.09657,0.1084
F,N_a_D,-0.006204,-0.005069,-0.05859,-0.04703,0.02469,0.08217,-0.02905,-0.06445
F,N_ba_D,0.1014,0.05428,0.03149,-0.06041,-0.1009,-0.06275,0.03128,0.06507
F,Np_D,0.004425,-0.02408,-0.05131,-0.03545,0.1155,0.4172,0.5526,0.4164
F,N_SP2_D,0.03637,-0.01114,0.008849,0.005315,0.02329,0.03451,0.01285,0.01899
F,N_AMID_D,0.07463,-0.05443,-0.07951,-0.07336,-0.04344,-0.05395,-0.1836,-0.2631
F,Np_RES_D,0.08051,-0.01141,-0.03456,-0.07346,-0.02068,0.01806,-0.0113,-0.05788
F,N_DA,-0.01296,0.01922,0.03097,0.0121,0.01044,0.009379,0.01939,-0.01833
F,N_a_DA,0.09776,0.04691,-0.002502,-0.0578,-0.07017,0.002904,-0.009374,-0.08602
F,O_DA,0.1414,0.1147,0.08729,0.1078,0.01944,-0.02655,-0.1088,-0.1503
F,O_ba_DA,0.07559,0.02793,0.03202,0.04603,0.05104,0.04279,-0.1128,-0.1126
F,Met_DA,-0.01308,-0.0409,-0.04124,-0.0333,0.02872,0.04288,0.1807,0.1986
F,N_A,-0.01453,-0.005119,0.01637,0.01297,0.01227,0.003165,-0.01673,-0.008947
F,N_a_A,0.007249,-0.02815,-0.02957,-0.03133,-0.03297,0.0008242,-0.01036,-0.00788
F,O_A,0.02715,-0.002732,-0.01301,-0.03411,-0.06949,-0.02486,-0.02039,0.008761
F,O_a_A,0.002622,0.007594,-0.03842,-0.02125,0.00172,0.00547,-0.02008,-0.005646
F,On_A,0.164,0.1622,0.1086,0.09702,0.06249,0.02067,-0.1022,-0.2172
F,O_SP2_A,0.08341,0.1073,0.06903,0.09315,0.03355,0.0173,-0.0316,0.02742
F,O_AMID,0.2322,0.2208,0.1304,-0.01034,-0.1198,-0.1759,-0.1646,-0.2001
F,O_CAR,0.1122,0.04275,0.01494,-0.05384,-0.1567,-0.1332,-0.07617,-0.05936
F,O_ALD,0.2315,0.3067,0.4635,0.7106,0.9552,0.8883,0.556,0.3185
F,N,0.01059,0.03506,0.01197,0.004727,-0.03422,-0.01956,-0.03081,-0.07414
F,Np,0.02036,-0.01171,0.005681,0.01819,0.06532,0.07749,0.0533,0.009434
F,N_SP,-0.01566,0.02783,-0.006677,0.01332,0.006323,-0.009341,-0.009947,0.007679
F,O,-0.02371,0.02878,0.01346,-0.002929,0.0007334,0.01219,0.04912,0.02551
F,On,-0.02379,0.0175,0.001199,0.009794,0.00725,-0.00195,-0.01298,0.01833
F,S,0.1615,0.1043,0.007452,-0.1305,-0.1269,-0.08482,0.03539,0.05329
F,S_a,0.004721,0.00404,-0.01056,0.01018,0.01819,0.01518,0.003368,-0.02332
F,S_H,0.04617,0.01951,-0.005603,-0.01561,-0.05563,-0.02498,-0.04575,-0.02419
F,P,-0.0266,-0.01429,0.03334,0.03348,0.05207,0.03492,0.02228,0.0271
F,U,-0.008175,0.01618,0.007636,-0.02785,-0.03266,-0.04453,-0.04349,-0.01977
F_ba,H,0.04538,-0.0269,-0.06442,-0.03109,0.009885,0.009673,-0.0996,-0.08899
F_ba,H_N,0.06307,0.06201,0.001947,-0.04027,-0.04845,-0.006918,0.0571,0.03826
F_ba,H_O,0.03249,0.01849,-0.02789,0.04223,-0.01489,-0.01568,-0.09565,-0.0889
F_ba,H_S,0.02353,0.03424,0.04039,0.0373,0.06921,0.03318,-0.0007595,-0.03382
F_ba,H_ba,0.07407,-0.02005,-0.04481,-0.03406,0.02119,-0.03723,-0.1118,-0.1518
F_ba,C,0.08116,0.02076,-0.02879,-0.08306,-0.02649,0.03443,0.01973,-0.09633
F_ba,C_a,0.1354,0.06562,-0.03266,-0.06647,0.03771,-0.03183,-0.05397,-0.1195
F_ba,C_SP2,-0.05034,-0.0812,-0.1429,-0.09975,0.04366,0.1232,0.02018,-0.09111
F_ba,C_SP,0.02942,-0.01178,-0.009804,-0.03506,-0.01228,0.002407,-0.004154,0.01584
F_ba,F,-0.007123,-0.02031,-0.0464,-0.02486,-0.04226,-0.01775,-0.001448,-5.189e-05
F_ba,F_ba,0.009423,0.01963,0.004577,0.01514,0.03059,-0.01498,0.003931,0.009447
F_ba,Cl,-0.02427,-0.03201,-0.01957,-0.03776,0.006668,-0.02766,-0.05271,-0.05485
F_ba,Cl_ba,0.01014,0.003641,-0.01889,0.001748,-0.006354,-0.002021,0.03882,0.0243
F_ba,Br,0.02584,-0.01713,-0.01007,-0.01831,-0.01539,0.008301,0.003048,0.04253
F_ba,Br_ba,-0.02026,-0.003667,-0.0329,0.03532,0.01544,0.002901,0.002292,-0.01254
F_ba,I,-0.00446,-0.003892,0.001087,0.02594,-0.02899,-0.02236,-0.01737,0.01192
F_ba,I_ba,0.0235,-0.01137,-0.0306,0.0208,0.002068,0.03725,-0.01979,0.00851
F_ba,N_D,0.0176,0.03757,-0.006874,-0.01656,0.005457,0.04652,0.07701,0.05106
F_ba,N_a_D,0.08409,0.05848,0.04017,0.01968,0.06537,0.005826,-0.06749,-0.06542
F_ba,N_ba_D,0.05211,-0.009589,0.02634,-0.0136,-0.05958,-0.09558,-0.01451,0.01351
F_ba,Np_D,0.04148,-0.02827,-0.005892,-0.0287,0.1475,0.4085,0.4584,0.2631
F_ba,N_SP2_D,0.00896,0.0247,-0.0008328,0.01153,0.008826,0.01739,0.02172,-0.008814
F_ba,N_AMID_D,0.07322,0.01498,-0.03015,-0.1065,-0.0596,-0.1264,-0.2209,-0.2321
F_ba,Np_RES_D,0.0204,-0.02002,-0.05663,-0.102,-0.06234,0.02989,-0.0002748,0.03129
F_ba,N_DA,-0.006508,0.02928,0.02024,0.01698,0.01981,0.04337,0.02095,-0.02439
F_ba,N_a_DA,0.008356,-0.05511,-0.03084,-0.07457,-0.03152,0.008505,-0.02676,-0.1029
F_ba,O_DA,0.0896,0.05344,0.0718,0.05355,0.07385,0.04902,-0.03222,-0.09315
F_ba,O_ba_DA,0.04123,-0.009561,-0.02165,0.001386,-0.03546,-0.02298,-0.04227,-0.05739
F_ba,Met_DA,0.05385,0.07554,0.08488,0.04332,0.03791,0.03872,0.05309,0.04939
F_ba,N_A,0.02434,-0.002858,0.0217,0.00923,0.001041,-0.0113,-0.005779,-0.01917
F_ba,N_a_A,0.05067,0.002612,-0.0326,-0.009701,-0.04429,-0.02083,-0.05291,-0.03926
F_ba,O_A,0.02124,0.004405,-0.05468,-0.05891,-0.032,-0.0431,-0.02072,0.04425
F_ba,O_a_A,-0.01513,0.02609,-0.008852,-0.0124,-0.009042,0.03385,0.005327,0.00979
F_ba,On_A,0.1387,0.08913,0.03256,0.0631,0.07217,-0.008207,-0.1402,-0.2093
F_ba,O_SP2_A,0.07283,0.0666,0.07908,0.07976,0.02597,0.0644,-0.02515,0.02391
F_ba,O_AMID,0.1466,0.08834,-0.02898,-0.1133,-0.1556,-0.1922,-0.1772,-0.1767
F_ba,O_CAR,0.05484,0.0001122,-0.02102,-0.05224,-0.0903,-0.1315,-0.09833,-0.07976
F_ba,O_ALD,0.198,0.2665,0.3822,0.6144,0.7507,0.6738,0.4177,0.2396
F_ba,N,0.07793,0.1488,0.1314,0.07841,-0.01042,-0.05061,-0.0251,0.01986
F_ba,Np,0.0002062,0.003334,-0.02653,-0.02896,0.01003,0.06503,0.05469,0.0441
F_ba,N_SP,-0.03201,0.0007602,-0.01974,-0.01785,0.000797,0.006132,0.004756,0.007643
F_ba,O,-0.01459,0.02752,0.008313,-0.01179,-0.0213,0.01923,0.007814,-0.001088
F_ba,On,0.03139,0.006704,0.006759,0.01085,-0.01999,-0.0112,-0.006398,-0.02298
F_ba,S,0.1315,0.1204,0.009917,-0.06783,-0.04627,0.003535,0.08748,0.06391
F_ba,S_a,0.02882,0.02393,0.00536,-0.01901,0.02532,-0.008833,0.02065,0.02688
F_ba,S_H,0.04805,0.03894,-0.01679,-0.03627,0.0187,0.03132,-0.02467,-0.06873
F_ba,P,-0.06457,-0.06731,-0.03331,-0.03516,0.01913,0.0817,0.009114,-0.01687
F_ba,U,0.07057,0.0537,0.05994,0.01758,-0.01251,-0.06628,-0.05358,-0.04314
Cl,H,0.03449,-0.02449,-0.06852,-0.0678,-0.03875,-0.09339,-0.0738,-0.1037
Cl,H_N,0.02849,0.02189,0.02237,0.02462,0.02113,-0.01513,-0.006011,0.04331
Cl,H_O,0.02539,0.06059,0.05879,0.02781,0.02655,-0.02923,-0.07877,-0.07816
Cl,H_S,-0.01433,0.01502,0.006126,-0.0101,-0.02433,-0.05073,-0.05533,-0.09502
Cl,H_ba,0.01483,-0.02449,-0.07301,-0.03571,-0.05272,-0.06447,-0.06099,-0.04129
Cl,C,0.04737,0.04773,-0.004946,-0.03832,-0.04188,-0.03092,-0.0279,-0.03169
Cl,C_a,0.0261,-0.02598,-0.05891,-0.067,-0.07071,-0.09117,-0.0275,0.008087
Cl,C_SP2,-0.02555,-0.05458,-0.111,-0.03456,-0.001611,0.02597,0.001059,-0.08821
Cl,C_SP,0.00365,-0.04241,-0.007483,-0.006737,-0.00965,-0.02168,0.02123,-0.01054
Cl,F,0.03043,-0.001902,-0.00703,-0.005431,0.03237,0.04526,0.03131,0.04741
Cl,F_ba,0.003392,-0.01164,0.005326,0.01228,-0.003648,-0.0006141,0.001426,-0.01539
Cl,Cl,0.01556,0.04116,0.01207,0.02304,0.006367,0.009786,0.01613,-0.01251
Cl,Cl_ba,-0.01649,-0.01228,0.002012,0.008689,0.009773,-0.01223,0.0009198,-0.01098
Cl,Br,0.00252,0.01149,0.001776,-0.01048,0.03253,-0.03119,0.008978,0.01429
Cl,Br_ba,-0.0375,-0.01032,0.02271,0.001141,-0.0002042,-0.01246,0.01211,-0.003341
Cl,I,0.01587,0.01013,0.00119,0.0008425,-0.002224,-0.04747,-0.0198,0.004018
Cl,I_ba,0.009534,-0.04273,-0.01536,-0.0135,0.02372,0.001405,0.01463,-0.004936
Cl,N_D,0.01632,0.006705,-0.03093,-0.0195,0.00521,0.01011,0.03061,0.0632
Cl,N_a_D,0.002968,0.009253,-0.004882,0.02809,0.01454,0.04961,0.007871,0.03267
Cl,N_ba_D,0.002856,0.03932,-0.02695,-0.03202,-0.03947,-0.02826,-0.008187,0.01092
Cl,Np_D,0.004084,0.01176,0.009117,0.04996,0.1299,0.2591,0.2726,0.1676
Cl,N_SP2_D,-0.01631,-0.02169,0.03187,0.003414,0.01375,0.02041,-0.002401,0.004615
Cl,N_AMID_D,0.003514,-0.06906,-0.05025,-0.06874,-0.05108,-0.1023,-0.1689,-0.145
Cl,Np_RES_D,0.01834,0.006705,0.002359,-0.00676,-0.03222,-0.0345,-0.03606,0.006217
Cl,N_DA,0.008654,-0.001447,0.04738,0.009445,-0.03305,-0.0004487,0.02308,0.01112
Cl,N_a_DA,-0.001622,0.005117,-0.008506,-0.01787,-0.03197,-0.05117,-0.09503,-0.08205
Cl,O_DA,0.04261,0.01771,0.04927,0.0402,0.03838,0.005821,-0.05628,-0.03982
Cl,O_ba_DA,0.06427,0.05724,0.08227,0.05222,0.02619,-0.02302,-0.08545,-0.05354
Cl,Met_DA,0.008732,0.03266,0.009527,0.08199,0.02582,0.02147,0.04723,0.06006
Cl,N_A,0.0001856,0.002913,0.01336,0.004717,-0.0009624,-0.008089,0.01302,-0.01617
Cl,N_a_A,-0.01009,-0.008298,-0.0253,0.005894,-0.005591,-0.02771,-0.01507,0.01739
Cl,O_A,-0.02066,-0.02005,-0.01759,-0.0347,-0.01696,0.02373,-0.008285,-0.05898
Cl,O_a_A,-0.01189,0.01436,0.004523,-0.01232,-0.009606,0.01778,0.003307,0.004229
Cl,On_A,0.01741,0.03401,0.05703,0.04014,0.04973,0.03509,-0.05875,-0.04239
Cl,O_SP2_A,0.03429,0.01019,0.02984,0.04982,0.05067,0.04479,0.01763,0.02574
Cl,O_AMID,0.04987,0.01229,-0.01502,-0.02826,-0.08836,-0.1034,-0.131,-0.1021
Cl,O_CAR,0.006855,-0.02628,-0.02984,-0.02152,-0.008474,-0.05605,-0.02748,-0.04778
Cl,O_ALD,0.09259,0.09981,0.2077,0.3462,0.4106,0.3466,0.2016,0.1256
Cl,N,0.01082,0.007537,0.01519,0.01108,0.02067,0.005582,0.008802,-0.02377
Cl,Np,0.003491,0.01028,0.01429,-0.009685,0.05534,0.04829,0.05639,-0.001685
Cl,N_SP,0.004486,0.02454,-0.01791,0.001252,0.01971,-0.01135,-0.02006,-0.004576
Cl,O,-0.005128,0.01745,-0.02492,0.03292,-0.02569,-0.01438,0.01276,-0.002897
Cl,On,0.008161,0.001846,-0.007517,0.002535,-0.02058,0.000418,0.05071,0.01879
Cl,S,0.08407,0.0438,-0.005291,-0.03903,-0.0467,-0.05326,-0.04167,-0.00801
Cl,S_a,0.0105,-0.003492,0.02002,0.01319,0.0001303,-0.02082,-0.01733,-0.0175
Cl,S_H,-0.006733,-0.002613,-0.01153,-0.01807,-0.0466,-0.05808,-0.04559,-0.05142
Cl,P,-0.04665,-0.02207,-0.002848,-0.02971,-0.01569,0.02346,0.02179,0.002291
Cl,U,-0.001007,0.03008,-0.003059,0.0008955,0.004264,-0.01833,-0.01548,-0.02204
Cl_ba,H,0.139,-0.03206,-0.1146,-0.1344,-0.04369,-0.09432,-0.1385,-0.1035
Cl_ba,H_N,0.1429,0.1532,0.04501,-0.023,-0.03901,0.0703,0.09376,0.1083
Cl_ba,H_O,0.07661,0.1054,0.123,0.1521,0.00461,-0.1194,-0.202,-0.1948
Cl_ba,H_S,0.0184,0.05554,0.08652,0.1302,0.08985,-0.07012,-0.06767,-0.1286
Cl_ba,H_ba,0.1268,-0.05021,-0.06498,-0.07984,-0.04298,-0.03733,-0.1008,-0.1687
Cl_ba,C,0.0673,0.02123,-0.06676,-0.1162,-0.05555,0.04826,-0.000515,-0.1219
Cl_ba,C_a,0.1702,0.06384,0.04,-0.05226,-0.1111,-0.08591,-0.07216,-0.03252
Cl_ba,C_SP2,-0.1254,-0.1133,-0.1493,-0.1111,0.04594,0.1761,0.0625,-0.08274
Cl_ba,C_SP,0.01798,0.01701,-0.03951,0.003898,-0.0001458,-0.005051,0.04702,0.02447
Cl_ba,F,-0.001211,-0.01965,-0.004896,0.002321,0.01509,0.07259,0.1011,0.04777
Cl_ba,F_ba,0.03958,-0.01559,0.02531,0.01317,0.0158,-0.003817,-0.01554,-0.0302
Cl_ba,Cl,-0.01889,0.05668,0.03822,0.01579,0.03723,-0.01517,-0.08776,-0.06597
Cl_ba,Cl_ba,-0.03029,0.003095,0.007278,0.02283,0.04367,0.06591,-0.002818,-0.007231
Cl_ba,Br,0.01414,-0.04108,-0.0427,-0.008186,0.01992,-0.04469,0.05041,0.0826
Cl_ba,Br_ba,0.008085,-0.03486,0.01801,-0.02693,-0.024,-0.03049,-0.02608,0.01645
Cl_ba,I,0.0516,0.052,0.01893,0.07708,0.009713,-0.05587,-0.02636,0.01843
Cl_ba,I_ba,0.01808,-0.04521,0.04615,0.018,-0.05481,-0.009287,-0.0298,-0.04128
Cl_ba,N_D,-0.005636,-0.01175,-0.0439,-0.005205,0.05086,0.02323,0.1193,0.04858
Cl_ba,N_a_D,0.02477,0.04303,-0.03292,-0.02773,-0.04646,-0.057,-0.1172,-0.04197
Cl_ba,N_ba_D,0.05454,-0.01555,-0.03894,-0.07756,-0.05995,-0.06095,0.009453,0.01225
Cl_ba,Np_D,0.07408,0.06251,0.07294,0.1073,0.3139,0.542,0.607,0.3694
Cl_ba,N_SP2_D,0.06433,-0.02819,0.05689,0.006206,0.01326,0.02857,0.04093,0.02586
Cl_ba,N_AMID_D,0.07552,-0.04492,-0.1585,-0.1517,-0.083,-0.07312,-0.2063,-0.2894
Cl_ba,Np_RES_D,0.1052,0.02623,0.01835,-0.1287,-0.03263,-0.01496,0.01363,0.005889
Cl_ba,N_DA,0.01752,0.01025,0.04736,0.02228,0.02167,0.02308,-0.01458,-0.03906
Cl_ba,N_a_DA,0.07883,-0.006628,-0.02721,-0.1373,-0.1236,-0.1387,-0.1602,-0.182
Cl_ba,O_DA,0.1918,0.1448,0.1959,0.1398,0.01494,-0.06872,-0.1882,-0.2236
Cl_ba,O_ba_DA,0.1455,0.1129,0.0817,0.03771,0.03638,0.05071,-0.04877,-0.146
Cl_ba,Met_DA,0.0665,-0.004649,0.01857,0.07831,0.07721,-0.005651,0.02292,0.1143
Cl_ba,N_A,-0.01979,0.04372,0.01574,0.04957,-0.01596,0.01758,-0.0336,-0.02029
Cl_ba,N_a_A,0.002976,-0.04171,-0.1081,-0.05645,-0.04013,-0.03762,0.01834,-0.02582
Cl_ba,O_A,-0.03753,-0.104,-0.1608,-0.183,-0.1369,-0.08025,0.01879,0.02661
Cl_ba,O_a_A,0.007706,0.008618,-0.001076,-0.01581,-0.02018,-0.01692,0.003061,0.0393
Cl_ba,On_A,0.2262,0.2016,0.1516,0.1173,0.1354,0.02594,-0.1152,-0.2755
Cl_ba,O_SP2_A,0.07046,0.1415,0.106,0.0801,0.07883,0.05294,-0.01821,0.06057
Cl_ba,O_AMID,0.2361,0.2123,0.08271,-0.09289,-0.2357,-0.2104,-0.2049,-0.2072
Cl_ba,O_CAR,0.1211,0.005914,-0.06536,-0.1049,-0.1671,-0.1416,-0.07882,-0.08133
Cl_ba,O_ALD,0.2279,0.3663,0.4713,0.7549,1.004,0.89,0.5112,0.2282
Cl_ba,N,0.03613,0.08514,0.08806,0.05683,-0.007687,-0.09917,-0.06844,-0.05837
Cl_ba,Np,0.004701,-0.005934,-0.02525,0.003103,0.09781,0.05081,0.06001,0.06185
Cl_ba,N_SP,-0.0152,0.01559,0.01073,0.01192,-0.01826,0.001213,0.01858,-0.04799
Cl_ba,O,-0.004567,0.007451,0.00461,-0.002953,0.01822,-0.007615,0.04017,0.003
Cl_ba,On,0.01366,0.001496,0.02035,0.01333,0.009123,-0.002115,0.03492,0.01177
Cl_ba,S,0.124,0.1005,-0.04537,-0.1198,-0.1609,-0.04271,0.04193,-0.03574
Cl_ba,S_a,-0.01135,-0.02513,-0.02475,-0.01494,-0.003872,0.01252,-0.01477,0.01649
Cl_ba,S_H,0.04736,0.06592,0.01539,0.0115,0.03654,0.06818,-0.04803,-0.1057
Cl_ba,P,0.03362,0.01936,0.01628,-0.04117,-0.02609,0.01155,0.1111,0.04504
Cl_ba,U,0.02016,0.06205,0.05078,0.02584,-0.03397,-0.07694,-0.02769,-0.05062
Br,H,0.0299,-0.01464,-0.03099,-0.03508,-0.02473,-0.02558,-0.03163,-0.03714
Br,H_N,0.01972,0.008709,0.01791,0.008802,0.0008938,0.01805,0.01462,-0.003551
Br,H_O,0.01292,0.01686,0.02029,0.01839,0.01809,-0.01045,-0.01609,-0.01335
Br,H_S,0.02386,0.00824,0.01368,0.01224,0.0005202,-0.01374,-0.003293,-0.03822
Br,H_ba,0.01321,0.003745,-0.01418,-0.02729,-0.009895,-0.001226,-0.03091,-0.04625
Br,C,0.03062,0.01602,-0.001847,-0.02304,-0.02919,-0.003283,0.01256,-0.01508
Br,C_a,0.04216,0.01318,-0.0001288,0.003766,-0.0009889,-0.01459,-0.01379,-0.02122
Br,C_SP2,-0.002572,0.004548,-0.01484,-0.004858,0.01549,0.045,-0.01042,-0.0236
Br,C_SP,0.01246,-0.003932,-0.002759,-0.001831,0.005767,-0.0009827,0.005297,0.01266
Br,F,0.006634,0.003594,0.002265,0.009451,0.009002,0.01859,0.001705,0.01074
Br,F_ba,-0.003085,-0.002812,0.01232,-0.006523,-0.001901,0.003756,0.004953,-0.01064
Br,Cl,0.01774,-0.0166,-0.01033,-0.01878,0.002095,0.01197,-0.008664,-0.001289
Br,Cl_ba,0.005159,0.001454,-0.01834,0.00525,-0.003898,-0.005073,-0.001152,0.009743
Br,Br,-0.001905,0.009457,0.006945,0.01903,0.009234,0.007556,0.004179,0.00925
Br,Br_ba,-0.009635,-0.002254,-0.002661,-0.009135,-0.01464,-0.02181,-0.0001378,0.008768
Br,I,-0.002593,-0.00896,-0.009638,0.001484,0.01129,-0.02069,-0.001545,-0.001134
Br,I_ba,-0.003652,0.007858,0.007605,-0.001632,0.007936,-0.01005,-0.004865,-0.003067
Br,N_D,0.0002557,0.001817,-0.000623,-0.01062,0.01,-0.0205,0.01615,0.008802
Br,N_a_D,0.01303,0.002181,-0.005337,-0.005002,0.01315,-0.00566,-0.01853,-0.01189
Br,N_ba_D,0.02004,0.003687,0.01816,-0.01054,-0.01112,-0.01871,-0.004561,0.006308
Br,Np_D,0.0229,0.002011,0.007828,-0.003669,0.02506,0.09692,0.1111,0.08442
Br,N_SP2_D,0.0004656,0.001593,0.004301,-0.01853,0.01611,0.01255,0.01507,0.008747
Br,N_AMID_D,0.006765,0.01827,0.001305,-0.003349,-0.01157,-0.037,-0.05952,-0.0585
Br,Np_RES_D,0.01577,0.00481,0.003503,-0.004624,0.0001383,0.003376,-0.002554,-0.01349
Br,N_DA,0.005887,0.007184,0.006968,0.000869,-0.004765,0.00687,0.006997,-0.003089
Br,N_a_DA,0.01657,-0.003565,-0.01138,-0.02299,-0.02212,-0.01168,0.003773,0.01738
Br,O_DA,0.02429,0.02813,0.03122,0.02811,0.02158,-0.01124,0.004729,-0.006492
Br,O_ba_DA,0.0216,0.008885,-0.01917,0.006294,-0.001334,0.0003866,-0.004169,-0.003656
Br,Met_DA,0.002473,0.004308,-0.01809,-0.007422,0.0001601,0.005233,0.0112,0.03604
Br,N_A,0.008456,-0.006923,0.008094,0.009186,0.01571,0.01529,0.01863,-0.01379
Br,N_a_A,0.000163,-0.001354,-0.009755,-0.004814,-0.01346,-0.02896,-0.03474,0.003989
Br,O_A,0.02064,0.003298,-0.01214,-0.009588,-0.01021,-0.03357,-0.006035,0.01313
Br,O_a_A,0.00728,-0.01086,-0.01024,-0.005764,0.0006832,-0.004852,-0.002166,-0.01167
Br,On_A,0.04111,0.03976,0.02859,0.02745,0.0124,0.008006,-0.01069,-0.0408
Br,O_SP2_A,0.02713,0.02178,0.02792,0.01686,-0.004745,0.004769,-0.02961,-0.005748
Br,O_AMID,0.03285,0.04039,0.02066,-0.002535,-0.02495,-0.03887,-0.06055,-0.07851
Br,O_CAR,0.02548,-0.001891,-0.01194,-0.01909,-0.03248,-0.02243,-0.02596,-0.02307
Br,O_ALD,0.04856,0.06201,0.09872,0.159,0.2045,0.1905,0.1357,0.08157
Br,N,0.0007177,0.01138,0.009425,-0.003304,-0.0185,-0.00946,0.02347,-0.003184
Br,Np,-0.003629,-0.003645,-0.01065,0.007841,0.001991,0.009772,0.004373,-0.002148
Br,N_SP,0.008735,-0.002797,-0.0002487,-0.005458,0.001361,-0.01469,-0.003631,0.003822
Br,O,-0.01402,-0.004707,-0.01771,-0.004582,0.008064,-0.00921,0.009537,0.01185
Br,On,0.005355,0.005603,-3.671e-05,-0.00918,0.006475,-0.005463,0.007579,0.01542
Br,S,0.02219,0.01591,0.005643,-0.0149,-0.01731,-0.01153,-0.006606,0.0007997
Br,S_a,0.007739,0.0007808,-0.01195,0.001863,0.002395,0.002345,-0.0003023,0.003922
Br,S_H,-0.002928,0.006682,0.009639,-0.004127,-0.008584,-0.02061,-0.007952,-0.01294
Br,P,-0.003129,-5.477e-05,-0.006536,0.004013,0.007022,0.01919,0.006863,-0.005836
Br,U,-0.02017,0.007708,-0.006999,0.003129,0.01393,0.001686,-0.001901,-0.006876
Br_ba,H,0.09446,-0.02358,-0.1298,-0.1462,-0.1016,-0.08323,-0.1016,-0.1209
Br_ba,H_N,0.0947,0.08983,0.04972,0.01264,-0.03365,0.02808,0.06529,0.03459
Br_ba,H_O,0.09633,0.08875,0.1374,0.1355,0.04051,-0.03771,-0.09721,-0.06388
Br_ba,H_S,-0.0318,-0.0472,0.02454,0.06919,0.04213,-0.06941,-0.05616,-0.05907
Br_ba,H_ba,0.0361,-0.03772,-0.0556,-0.08372,-0.1044,-0.1095,-0.1443,-0.1703
Br_ba,C,0.08587,0.04163,-0.05975,-0.1444,-0.07209,0.02758,0.07518,-0.01468
Br_ba,C_a,0.1193,0.05903,-0.03945,-0.06382,-0.09196,-0.1404,-0.1293,-0.05568
Br_ba,C_SP2,-0.1119,-0.1291,-0.1622,-0.08819,0.04249,0.1648,0.06949,-0.07987
Br_ba,C_SP,0.06159,-0.02501,-0.02628,-0.01522,-0.0153,0.03041,0.01173,-0.008618
Br_ba,F,0.01907,0.00443,0.005696,0.0273,-0.02348,0.04839,0.001492,0.05743
Br_ba,F_ba,0.007007,0.01454,-0.003295,0.00447,0.05115,0.04447,0.01305,0.0009136
Br_ba,Cl,0.05824,0.04985,0.02577,0.01927,0.08628,0.06104,-0.02689,-0.06582
Br_ba,Cl_ba,-0.02794,0.02449,-0.02575,0.04229,-0.00781,0.005154,-0.02393,-0.01431
Br_ba,Br,0.04926,0.01801,0.01809,-0.01523,0.07403,-0.01579,0.0871,0.05575
Br_ba,Br_ba,-0.00874,-0.02247,-0.004808,-0.01903,-0.01588,-0.01125,0.003814,0.01798
Br_ba,I,0.004573,0.03252,0.06092,0.03446,0.01235,-0.03586,-0.05429,0.01057
Br_ba,I_ba,0.01136,-0.01988,0.02375,-0.0006947,-0.01597,-0.002597,0.02274,-0.0088
Br_ba,N_D,0.005972,0.01823,-0.02076,-0.002384,0.03687,0.00335,0.06103,-0.0022
Br_ba,N_a_D,0.07326,0.03927,0.04456,-0.01632,-0.002009,-0.02176,-0.03275,-0.05555
Br_ba,N_ba_D,0.04335,0.05138,0.009369,-0.03479,0.0005176,-0.1077,0.0227,0.0176
Br_ba,Np_D,0.07406,0.07322,0.07359,0.03524,0.1965,0.417,0.5268,0.4096
Br_ba,N_SP2_D,0.003909,-0.04996,0.01769,-0.02514,0.002195,0.01791,-0.03612,0.02323
Br_ba,N_AMID_D,0.07327,0.004495,-0.1014,-0.08262,-0.03499,-0.09931,-0.2191,-0.3027
Br_ba,Np_RES_D,0.0692,-0.01591,-0.03896,-0.1257,-0.06997,-0.01079,-0.03431,0.03621
Br_ba,N_DA,-0.02778,-0.0009943,0.04533,-0.01289,-0.01071,0.01195,-0.001929,0.006456
Br_ba,N_a_DA,0.0387,-0.02593,0.001998,-0.09437,-0.05499,-0.02422,-0.0004098,-0.08532
Br_ba,O_DA,0.1307,0.1261,0.1753,0.149,0.09918,0.06488,-0.04688,-0.08558
Br_ba,O_ba_DA,0.09492,0.1084,0.06635,0.01688,-0.06398,-0.02923,-0.05801,-0.07783
Br_ba,Met_DA,0.0582,-0.009185,0.02506,0.03971,0.03369,0.01552,0.01488,0.09812
Br_ba,N_A,-0.006208,0.02276,0.03628,0.0255,0.02461,0.006023,-0.0245,-0.0238
Br_ba,N_a_A,0.02828,-0.03638,-0.06306,-0.005545,-0.03002,-0.09297,-0.02213,-0.02328
Br_ba,O_A,0.005578,-0.03183,-0.0463,-0.08235,-0.1111,-0.09155,-0.01183,0.03938
Br_ba,O_a_A,0.05028,0.03389,0.003213,0.02682,0.004034,0.0449,-0.01949,0.01816
Br_ba,On_A,0.2024,0.2092,0.1493,0.1893,0.1692,0.09189,-0.009119,-0.1107
Br_ba,O_SP2_A,0.01361,0.05322,0.08938,0.04994,0.05023,0.03661,-0.02981,0.02039
Br_ba,O_AMID,0.2015,0.1217,0.05328,-0.04465,-0.1643,-0.1581,-0.2084,-0.1966
Br_ba,O_CAR,0.05282,-0.02394,-0.03635,-0.05145,-0.07081,-0.1183,-0.05083,-0.05584
Br_ba,O_ALD,0.1604,0.2427,0.3412,0.6176,0.8371,0.7706,0.569,0.297
Br_ba,N,0.04689,0.09991,0.05205,0.028,-0.02202,-0.06326,0.01378,0.02785
Br_ba,Np,-0.008399,0.01498,-0.00263,0.01151,0.05104,0.04558,0.02204,0.05033
Br_ba,N_SP,0.000215,0.02321,0.006923,-0.02112,0.02495,0.01416,-0.01549,-0.01493
Br_ba,O,-0.002787,-0.02703,0.01354,0.0005294,0.03269,-0.02339,0.01779,-0.01366
Br_ba,On,-0.01759,-0.00279,-0.01063,0.01992,0.02406,0.009792,0.04114,0.003159
Br_ba,S,0.1182,0.06261,-0.0003401,-0.04813,-0.1595,-0.01757,0.0382,-0.01649
Br_ba,S_a,0.002731,0.03216,0.01622,-0.02059,0.04366,-0.01723,-0.02028,0.02284
Br_ba,S_H,-0.006526,0.04223,-0.009125,-0.06241,-0.004723,0.002982,-0.07539,-0.06527
Br_ba,P,-0.01591,0.0005753,0.02576,0.05296,0.01397,0.02534,0.00456,0.001416
Br_ba,U,0.05679,0.08815,0.06113,0.01474,-0.01846,-0.02276,0.002104,-0.03452
I,H,0.00809,0.004077,0.007753,-0.006762,0.01049,0.00508,-0.006614,-0.004414
I,H_N,0.00635,0.005944,0.000658,-0.0009151,-0.001345,0.001814,-0.007584,-0.008853
I,H_O,0.003659,0.001073,0.003729,-0.004595,-0.007278,0.009422,-0.004341,-0.003113
I,H_S,-0.001343,0.001231,0.01626,0.003555,-0.004021,0.009672,-0.0104,-0.02101
I,H_ba,0.0106,0.004482,-0.009498,-0.006578,-0.008083,-0.00211,0.004843,-0.01055
I,C,0.007221,-0.006403,0.01347,-0.008374,-0.02565,-0.01675,0.01025,-0.008119
I,C_a,0.002001,0.009754,-0.0003516,-0.006635,-0.001099,0.000414,-0.00109,-0.01912
I,C_SP2,-0.007661,-0.01397,-0.01471,0.0002693,0.001091,0.02204,0.02139,0.005516
I,C_SP,-0.0005695,0.002964,-0.0009237,0.003208,-0.001809,-0.001062,0.007954,-0.003454
I,F,0.008068,0.003084,-0.0009011,0.008392,-0.0111,-0.0007848,0.002492,-0.01385
I,F_ba,-0.00515,-0.002498,0.003582,-0.01737,-0.01429,0.004626,0.01026,-0.006725
I,Cl,-0.009673,-0.009283,-0.02184,-0.01214,-0.008899,0.003195,0.01551,-0.003695
I,Cl_ba,0.01425,-0.005103,0.003212,-0.003512,0.0009585,0.000825,0.004752,0.004273
I,Br,-0.009567,-0.003564,-0.001073,-0.008142,0.001515,-0.005457,0.003305,0.01459
I,Br_ba,0.003158,-0.0001854,0.001878,0.005017,0.003337,-0.008553,-0.001333,0.009126
I,I,0.003227,-0.00961,0.001312,0.008484,-0.0009569,-0.006449,0.001968,0.008519
I,I_ba,0.005698,0.00407,0.0003574,0.007497,0.01101,-0.001413,-0.002547,0.01342
I,N_D,0.008313,0.001626,-0.009714,-0.008818,0.006234,0.008272,0.01874,0.01244
I,N_a_D,0.001791,-0.00131,-0.009754,-0.0185,-0.008772,0.008785,-0.003715,-0.02336
I,N_ba_D,0.006293,0.006821,0.003601,-0.01467,-0.0189,-0.004698,-0.007444,-0.002672
I,Np_D,-0.003296,-0.0008497,-0.01044,-0.02161,0.005279,0.02569,0.0492,0.02284
I,N_SP2_D,0.007022,-0.003921,-0.005243,0.004607,-0.002637,0.002459,0.006252,0.008196
I,N_AMID_D,0.006287,0.004481,0.004656,-0.006217,0.01402,-0.007382,-0.01373,-0.01826
I,Np_RES_D,0.01556,0.0001368,-0.007,-0.01066,-0.01163,0.003505,-0.004803,0.003497
I,N_DA,-0.001534,-0.008984,-0.002567,0.01292,0.007744,0.0007813,-0.005675,-0.0004982
I,N_a_DA,0.006172,0.000667,-0.01167,0.007856,-0.008962,0.01137,-0.002577,-0.01682
I,O_DA,0.01592,0.001999,0.002334,-0.01954,0.001282,-0.003386,-0.001093,-0.01151
I,O_ba_DA,0.002733,0.001687,0.002368,0.01312,0.0132,0.005429,0.00533,-0.01412
I,Met_DA,-0.006837,0.004905,-0.005426,0.00831,0.01221,0.004944,0.01728,0.02477
I,N_A,-0.0008835,-0.004931,0.000444,-0.005264,0.003887,-0.0132,-0.009724,-0.01684
I,N_a_A,-0.005235,0.005913,-0.006382,0.004783,0.01287,0.006712,-0.02401,-0.009286
I,O_A,0.01841,0.004286,0.0172,-0.002708,-0.002687,-0.007558,-0.007942,-0.01848
I,O_a_A,0.0006664,-0.0005294,-0.001548,-0.006143,0.002377,0.001468,0.01104,0.00665
I,On_A,0.02469,-0.005571,-0.002619,-0.002791,-0.004016,-0.005926,-0.0165,-0.03866
I,O_SP2_A,0.01207,0.00284,0.01059,0.0006923,0.01589,0.006976,-0.01073,0.001355
I,O_AMID,0.01419,-0.0005019,-0.00934,0.0032,-0.01367,-0.0001426,-0.004627,-0.02888
I,O_CAR,0.01555,-0.01175,0.00221,-0.01713,-0.01814,-0.01576,-0.01217,-0.006217
I,O_ALD,0.01656,0.02504,0.0356,0.06698,0.09284,0.08287,0.04906,0.02457
I,N,-0.01135,0.01015,0.008152,-0.000592,-0.01024,-0.01993,-0.00697,6.007e-05
I,Np,-0.008601,-0.003904,-0.003562,0.0005267,0.003302,0.0006571,0.01543,-0.001124
I,N_SP,0.001982,0.01016,-0.009759,0.01332,-0.006636,-0.005132,0.004533,-0.00432
I,O,-0.006672,-0.002017,-0.003997,1.499e-05,-0.008486,0.001601,0.001324,-0.003561
I,On,0.0001027,-0.003215,-0.003432,0.009809,-0.005511,0.01066,0.001768,-0.00654
I,S,0.02369,0.01162,-0.0005493,-0.02297,-0.02291,-0.002833,0.004371,0.01537
I,S_a,0.009309,0.001212,-0.003014,-0.001001,-0.01288,-0.002009,0.00218,0.00193
I,S_H,0.01129,0.006462,0.009644,0.00267,-0.005993,-0.01273,-0.01505,-0.01138
I,P,-0.004967,0.003379,-0.01012,-0.004494,-0.00151,0.01472,0.0006012,0.009401
I,U,-0.003534,-0.009507,-0.001346,-0.00185,-0.003624,-0.008749,0.001964,0.008526
I_ba,H,0.07203,0.01655,-0.07155,-0.08618,-0.08335,-0.08728,-0.08126,-0.09255
I_ba,H_N,0.04308,0.08139,0.03448,-0.02502,-0.01338,0.02647,0.04433,-0.0114
I_ba,H_O,0.06363,0.06589,0.04129,0.07025,0.003311,-0.04413,-0.0968,-0.08244
I_ba,H_S,0.01572,-0.002075,-0.01895,-0.02992,-0.03437,-0.07832,-0.07119,-0.07055
I_ba,H_ba,0.03685,0.0109,-0.04333,-0.04564,-0.04431,-0.07462,-0.06744,-0.1231
I_ba,C,0.05141,0.0539,-0.008277,-0.08587,-0.0791,-0.02256,-0.004206,-0.0385
I_ba,C_a,0.08801,-0.003483,0.004904,-0.0432,-0.06004,-0.06394,-0.04378,-0.04296
I_ba,C_SP2,-0.06137,-0.04557,-0.07484,-0.03051,0.02195,0.04408,-0.01408,-0.07969
I_ba,C_SP,0.005979,-0.01332,-0.002866,0.01044,-0.001418,0.01984,-0.005064,0.003544
I_ba,F,-0.01509,-0.02913,-0.002918,0.01199,-0.008625,0.02252,0.02793,0.06334
I_ba,F_ba,-0.003995,-0.0216,0.004685,0.02235,-0.03476,0.01362,0.001176,0.01249
I_ba,Cl,0.02444,-0.02081,0.0007107,0.01169,-0.02868,-0.003123,-0.03244,-0.001725
I_ba,Cl_ba,0.02661,-0.01313,0.0136,-0.000934,-0.02516,0.00938,0.03046,-0.001993
I_ba,Br,0.0002808,-0.01791,-0.008078,-0.01028,0.02492,-0.01613,0.03459,0.036
I_ba,Br_ba,-0.003731,0.02088,-0.02029,-0.009,-0.007199,0.003174,-0.0007903,-0.004432
I_ba,I,0.0221,0.03631,0.02517,0.01092,0.01192,0.009884,0.004498,-0.003111
I_ba,I_ba,-0.01426,-0.01003,-0.01632,-0.01279,-0.0003395,0.01107,-0.01665,0.0001872
I_ba,N_D,0.0068,0.002798,-0.01809,-0.02532,-0.02827,0.04119,0.05166,0.02806
I_ba,N_a_D,0.01304,0.03391,-0.002315,-0.01426,-0.006306,0.03629,0.03392,-0.01345
I_ba,N_ba_D,0.04314,0.03732,0.00776,-0.03416,-0.01505,-0.0328,0.01196,0.02615
I_ba,Np_D,0.027,0.01029,-0.01561,0.01647,0.1092,0.2619,0.2779,0.1923
I_ba,N_SP2_D,0.0411,0.0005234,0.008071,-0.0007998,0.0109,0.01675,0.02115,-0.007369
I_ba,N_AMID_D,0.04157,0.007525,-0.006614,-0.03724,-0.03075,-0.0786,-0.1695,-0.175
I_ba,Np_RES_D,0.065,0.01667,-0.0187,-0.05712,-0.01986,0.01644,0.05661,0.03377
I_ba,N_DA,0.003453,0.004277,0.01306,0.008085,0.01544,0.01731,0.01956,0.00171
I_ba,N_a_DA,0.0435,-0.00623,-0.01216,-0.01255,-0.003423,0.008082,-0.03537,-0.03992
I_ba,O_DA,0.07494,0.105,0.1016,0.09695,0.0625,-0.0241,-0.08231,-0.06775
I_ba,O_ba_DA,0.006102,0.03694,0.03123,-0.02279,-0.01065,-0.04347,-0.04617,-0.02861
I_ba,Met_DA,0.0204,-0.01433,-0.02633,0.03082,0.04969,0.06647,0.07078,0.1315
I_ba,N_A,0.02157,-0.02624,0.01836,0.01059,-0.01135,0.03776,-0.007662,0.00992
I_ba,N_a_A,0.02169,0.01482,-0.02309,-0.01075,-0.02466,-0.02039,-0.01454,0.003275
I_ba,O_A,0.02766,-0.01477,-0.02813,-0.06598,-0.04752,-0.06667,0.001846,0.01548
I_ba,O_a_A,-0.01363,-0.004899,-0.008258,-0.03727,-0.01109,0.01024,0.006565,0.01074
I_ba,On_A,0.0227,0.05352,0.04665,0.1116,0.08173,0.01239,-0.04329,-0.07492
I_ba,O_SP2_A,0.04564,0.06127,0.06322,0.03426,0.04925,0.0108,-0.02372,0.005584
I_ba,O_AMID,0.0899,0.06781,0.02175,-0.06028,-0.06955,-0.1136,-0.1291,-0.1393
I_ba,O_CAR,0.01562,0.003734,-0.0104,-0.0179,-0.07697,-0.07072,-0.05498,-0.03576
I_ba,O_ALD,0.08607,0.1522,0.2299,0.3863,0.4818,0.4325,0.2906,0.1724
I_ba,N,0.01772,0.005965,0.02947,0.002329,-0.01085,0.02309,0.05673,0.02669
I_ba,Np,0.005211,-0.03091,-0.03539,-0.009625,-0.0008541,0.04251,0.01512,0.02096
I_ba,N_SP,0.003021,-0.02751,0.01846,0.007527,-0.03615,0.0002875,-0.03614,-0.008677
I_ba,O,0.01807,-0.02008,-0.01419,0.007395,0.01216,0.02044,0.0002336,-0.01574
I_ba,On,-0.03088,0.02176,-0.009038,0.006664,0.01148,-0.01179,0.01062,0.008832
I_ba,S,0.07953,0.06968,0.02636,-0.02977,-0.04326,-0.02921,0.01479,0.04459
I_ba,S_a,-0.004367,0.01181,-0.003559,0.01493,-0.01043,0.01829,-0.01694,0.01591
I_ba,S_H,0.02413,0.04479,-0.02178,-0.05872,-0.09288,-0.07682,-0.03626,-0.03487
I_ba,P,-0.00923,-0.0243,0.01277,-0.008116,-0.006039,0.005015,-0.01271,0.0112
I_ba,U,0.01151,0.01998,0.01945,-0.03171,-0.005036,-0.05393,-0.01996,-0.002601
N_D,H,-0.02145,0.01563,0.02448,-0.008476,-0.0002686,0.003741,0.03951,0.042
N_D,H_N,-0.02002,-0.04528,-0.02996,0.003635,-0.01425,-0.04733,-0.03432,-0.00281
N_D,H_O,-0.02777,-0.01198,-0.02378,-0.02436,0.01943,0.02376,0.02734,-0.002921
N_D,H_S,0.001344,-0.007288,0.00675,0.02012,0.04583,0.04644,0.007936,0.0007494
N_D,H_ba,-0.05323,-0.03344,-0.01453,-0.01662,-0.0004856,0.0151,0.03626,0.01813
N_D,C,-0.009929,0.02164,-0.0006788,0.005215,-0.01976,0.0308,0.02691,0.04998
N_D,C_a,-0.009816,0.009664,0.008723,-0.0007293,0.006311,0.03346,0.03792,0.008194
N_D,C_SP2,0.03914,0.03639,0.03929,0.03128,0.008527,0.0054,0.02793,-0.005607
N_D,C_SP,-0.007708,-0.01521,-0.007931,-0.0009867,-0.003417,-0.0006192,-0.01473,-0.006144
N_D,F,0.03419,0.001968,0.02001,0.01277,0.02042,0.02825,-0.01913,-0.01888
N_D,F_ba,0.004807,-0.002896,-0.002953,0.01009,0.008285,0.01632,0.0167,-0.0001212
N_D,Cl,0.02116,0.00844,0.001014,0.01967,0.005394,-0.01744,-0.04123,-0.01299
N_D,Cl_ba,-0.005558,0.00225,0.02243,-0.008876,-0.01319,0.002688,0.008747,-0.02001
N_D,Br,0.01541,0.0132,0.001233,0.01562,-0.01603,0.01959,-0.008454,-0.002283
N_D,Br_ba,-0.003906,-0.00891,0.006198,0.003836,0.01912,-0.001366,0.01039,-0.001422
N_D,I,-0.002392,-0.008235,0.01297,0.0005664,-0.01167,0.002696,0.01429,0.004042
N_D,I_ba,-0.0184,0.007519,-0.0005359,-0.005129,-0.01975,0.0051,-0.0023,0.007124
N_D,N_D,0.01462,0.004958,0.027,0.04165,0.01972,0.01685,0.005844,-0.04192
N_D,N_a_D,-0.007465,0.003027,-0.01897,-0.008128,-0.002723,-0.0273,-0.03642,-0.03271
N_D,N_ba_D,-0.01038,-0.008557,0.02471,0.03263,0.02654,0.0177,-0.005031,-0.01257
N_D,Np_D,0.03583,0.02849,0.06454,0.0317,-0.06411,-0.07278,-0.001071,0.02854
N_D,N_SP2_D,-0.0002892,-0.002007,0.01597,0.0053,0.005636,-0.001591,-0.004307,0.03105
N_D,N_AMID_D,0.008082,0.02566,-0.0004119,-0.02371,-0.009351,0.0005168,0.035,0.02707
N_D,Np_RES_D,-0.003906,0.005515,0.01948,-0.0008235,-0.01002,-0.07414,-0.08159,-0.02539
N_D,N_DA,-0.009119,-0.01617,-0.01515,0.004712,0.01055,-0.002695,-0.02415,0.02508
N_D,N_a_DA,0.03399,0.009794,-0.008279,-0.03121,-0.01035,-0.008699,-0.005924,0.03119
N_D,O_DA,-0.01068,-0.01309,-0.04051,-0.04116,0.02454,0.0335,0.04779,0.04491
N_D,O_ba_DA,-0.02416,0.002017,-0.02092,0.007975,-0.01773,0.004129,-0.001358,0.01373
N_D,Met_DA,-0.07996,-0.06778,-0.05638,-0.1261,-0.1076,-0.05017,0.01391,0.03407
N_D,N_A,0.01028,-0.01576,0.008283,-0.009467,-0.001463,0.003234,-0.01133,0.01426
N_D,N_a_A,0.0005953,-0.001415,-0.009694,-0.01367,0.0001905,-0.01588,-0.004381,-0.01703
N_D,O_A,0.02711,-0.0006077,0.02014,0.01765,-0.004915,0.0201,0.01525,-0.01646
N_D,O_a_A,-0.01723,0.001118,-0.02302,-0.006267,-0.001415,-0.02432,0.001035,-0.0121
N_D,On_A,0.06034,0.04747,0.08168,0.05732,0.01892,0.002123,0.009207,-0.004179
N_D,O_SP2_A,0.01852,0.009237,0.02288,-0.007156,0.0005423,-0.01654,-0.03733,-0.06883
N_D,O_AMID,-0.02361,-0.003841,0.02988,0.06047,0.0574,0.06129,0.01482,-0.01728
N_D,O_CAR,0.01263,0.004975,0.005021,0.02689,0.02616,0.001426,0.01068,0.004524
N_D,O_ALD,0.01162,0.004824,-0.03999,-0.02562,-0.02214,0.01316,0.0625,0.04719
N_D,N,-0.002071,-0.004062,0.007866,-0.01597,-0.006033,0.01953,0.006141,0.02395
N_D,Np,0.007294,0.01865,-0.001072,0.00631,0.01984,-0.003048,-0.036,-0.008035
N_D,N_SP,-0.002314,0.008251,0.006556,-0.007932,0.01838,0.003926,0.02543,-0.008578
N_D,O,0.001899,-0.001719,-0.005707,-0.01277,-0.0152,0.001371,-0.01912,-0.001183
N_D,On,-0.0003979,-0.009679,0.004689,-0.009032,0.009665,-0.005815,0.004928,0.01087
N_D,S,0.02842,0.008303,0.02095,0.04592,0.02818,0.00913,0.005933,-0.03458
N_D,S_a,0.01274,-0.002209,-0.03475,-0.01097,0.01521,0.001519,0.008045,0.005918
N_D,S_H,0.01769,0.001221,0.01908,0.04268,0.05389,0.03046,-0.0006153,-0.05774
N_D,P,0.02964,0.04896,0.04649,0.02101,0.01833,0.01923,-0.00774,-0.02101
N_D,U,-0.01802,0.01022,0.01488,0.01071,0.001203,0.01167,0.008926,0.002695
N_a_D,H,0.001854,-0.0047,0.0008789,0.02942,-0.03476,0.003464,-0.08499,-0.008372
N_a_D,H_N,-0.09482,-0.08229,0.00702,0.05967,0.09038,0.003311,0.05133,0.16
N_a_D,H_O,-0.09717,-0.05858,-0.007804,0.01659,0.05262,-0.08053,-0.1105,-0.082
N_a_D,H_S,-0.048,-0.0152,-0.03715,-0.0637,-0.007043,0.0001841,0.0482,0.03313
N_a_D,H_ba,0.07439,0.0616,0.06237,0.03883,0.03623,-0.03544,-0.002804,0.05583
N_a_D,C,-0.0008943,0.02661,-0.04564,-0.07321,-0.1217,0.05576,0.04154,-0.004387
N_a_D,C_a,-0.04004,-0.05881,-0.09645,-0.05613,0.005534,0.09324,0.1056,0.06902
N_a_D,C_SP2,0.1235,0.06247,0.03395,-0.0807,0.0381,0.191,0.1325,0.01844
N_a_D,C_SP,-0.01101,-0.03983,0.03736,0.01772,0.07067,0.05442,-0.02476,-0.01272
N_a_D,F,-0.0009071,-0.01599,-0.01535,-0.02483,-0.007409,-0.0575,-0.01839,-0.04217
N_a_D,F_ba,-0.05671,0.01414,0.01308,0.05449,0.00216,-0.02635,0.02799,0.03197
N_a_D,Cl,0.01625,0.02287,0.04231,0.04823,0.0901,0.003929,0.05046,0.06845
N_a_D,Cl_ba,-0.02038,-0.03058,-0.0127,0.03065,-0.03387,0.02517,-0.06023,0.009486
N_a_D,Br,-0.03432,-0.04319,0.02015,0.04348,0.04731,-0.04048,-0.06316,0.02655
N_a_D,Br_ba,0.007226,0.04263,0.04019,-0.05111,0.008929,-0.008236,-0.04396,0.05823
N_a_D,I,-0.007113,0.03147,0.0226,0.04616,0.06373,0.07488,-0.03172,-0.03314
N_a_D,I_ba,-0.01354,0.001379,0.0104,-0.006212,-0.01344,-0.0001239,-0.02282,-0.04037
N_a_D,N_D,-0.0093,0.00626,0.002342,-0.01362,-0.05351,0.04718,0.05337,0.08846
N_a_D,N_a_D,0.09604,0.07495,0.03401,-0.003816,0.05994,0.1379,0.1898,0.1034
N_a_D,N_ba_D,0.1114,0.06257,-0.005513,-0.1168,-0.0342,-0.01163,0.08169,0.1481
N_a_D,Np_D,0.101,0.123,0.05726,-0.004944,-0.1145,-0.1702,-0.02739,0.1157
N_a_D,N_SP2_D,-0.0129,0.02196,0.01885,0.002409,-0.03276,-0.02315,0.04231,-0.02511
N_a_D,N_AMID_D,0.136,0.02938,-0.01346,0.0006628,0.03264,0.05317,-0.01877,-0.05133
N_a_D,Np_RES_D,-0.03456,0.01721,0.03224,0.07748,0.1127,0.09323,0.09538,-0.01348
N_a_D,N_DA,-0.03495,-0.01454,-0.0185,-0.01377,0.01045,0.05183,-0.04202,-0.02822
N_a_D,N_a_DA,0.06418,0.08333,0.04377,-0.00556,0.0006053,-0.01954,-0.06107,-0.05251
N_a_D,O_DA,-0.01306,-0.07536,-0.03233,0.01256,0.01631,-0.02397,-0.05315,-0.08723
N_a_D,O_ba_DA,-0.04551,0.06901,0.1004,0.04268,-0.04201,-0.03571,-0.03364,0.004887
N_a_D,Met_DA,0.003553,0.03923,0.03655,0.1474,0.1205,0.1718,0.2941,0.2862
N_a_D,N_A,-0.009394,-0.02974,0.0175,-0.003873,0.0173,0.03319,-0.008639,-0.02906
N_a_D,N_a_A,-0.1397,-0.1096,-0.06355,-0.03952,-0.05656,-0.01278,0.08593,0.06799
N_a_D,O_A,0.1111,0.05819,0.09839,0.0299,0.08843,0.08789,-0.00224,-0.1044
N_a_D,O_a_A,-0.005706,0.01769,-0.05394,0.0198,-0.01749,0.02489,0.005226,0.008714
N_a_D,On_A,0.005892,-0.02633,-0.02263,-0.02308,-0.1005,0.002341,0.1091,0.1526
N_a_D,O_SP2_A,0.06269,0.0267,0.04493,0.07478,0.09175,0.06485,0.1039,0.06877
N_a_D,O_AMID,-0.04921,-0.08179,-0.162,-0.02974,0.09919,0.1939,0.001305,-0.07761
N_a_D,O_CAR,0.04728,0.07157,0.04506,-0.04666,-0.02921,-0.1322,-0.005936,0.04296
N_a_D,O_ALD,0.06383,0.09703,0.1618,0.2993,0.3767,0.3438,0.2599,0.1591
N_a_D,N,0.008791,-0.01698,-0.05128,-0.02905,0.01078,0.003084,0.06258,0.02632
N_a_D,Np,0.000844,0.0492,-0.0005465,-0.001735,0.01536,0.03108,0.03806,0.009616
N_a_D,N_SP,0.006631,-0.02045,-0.0009809,-0.004483,0.05232,0.01587,-0.02013,0.0502
N_a_D,O,0.0402,0.0008386,-0.02039,-0.02853,0.01481,-0.002883,-0.04277,0.02413
N_a_D,On,0.00606,-0.04585,0.004988,0.003578,0.01817,-0.003431,0.0105,0.0004612
N_a_D,S,0.05665,0.02357,0.007717,-0.01542,-0.04355,0.006836,0.1279,0.07664
N_a_D,S_a,0.006805,-0.05618,0.01888,0.01279,-0.02819,-0.0198,-0.001987,0.006321
N_a_D,S_H,-0.122,-0.1425,-0.08537,0.01394,0.01853,-0.07115,-0.07709,-0.08414
N_a_D,P,-0.01108,-0.004066,0.004282,0.0006087,0.08806,0.04465,0.08128,0.1056
N_a_D,U,-0.03267,0.05238,0.04872,0.06222,0.09251,0.09711,0.07681,0.05386
N_ba_D,H,0.028,-0.04827,-0.06474,0.009294,0.03522,-0.02213,-0.0297,-0.02959
N_ba_D,H_N,0.01435,0.03237,0.04742,0.02801,0.02713,0.02728,0.09416,0.1226
N_ba_D,H_O,0.03995,0.004599,-0.02829,-0.09329,-0.01255,-0.003857,0.03428,0.01097
N_ba_D,H_S,0.006189,0.04887,0.04777,0.01324,0.002155,0.05364,0.04779,0.05537
N_ba_D,H_ba,0.02822,-0.02273,-0.0173,-0.0189,-0.02316,0.08451,0.06569,0.08378
N_ba_D,C,0.01706,-0.02539,-0.02506,-0.05543,-0.006263,0.01569,0.03166,0.01175
N_ba_D,C_a,0.006565,-0.01634,0.02788,-0.009386,0.01148,-0.006154,0.1002,0.1386
N_ba_D,C_SP2,0.1795,0.1085,0.01637,-0.0654,0.04191,0.1584,0.0111,-0.182
N_ba_D,C_SP,0.002578,0.01948,0.008274,-0.01921,-0.01609,-0.02843,-0.01913,-0.01349
N_ba_D,F,0.05139,0.0002641,-0.01946,-0.002437,-0.01188,-0.0763,-0.118,-0.05038
N_ba_D,F_ba,0.07071,0.02792,-0.01804,0.02059,-0.02511,-0.03747,-0.02879,-0.03396
N_ba_D,Cl,-0.007295,-0.001862,-0.05151,-0.07979,-0.09598,-0.04396,0.02781,-0.004512
N_ba_D,Cl_ba,0.002858,0.03918,-0.03629,-0.004642,0.01261,-0.03822,-0.004948,0.02263
N_ba_D,Br,0.02001,0.06321,0.06483,0.01752,-0.02143,-0.05892,0.02002,0.09914
N_ba_D,Br_ba,0.01336,-0.01908,0.0432,-0.005915,-0.01997,0.007375,0.007707,-0.01046
N_ba_D,I,0.02417,0.004441,-0.01739,0.02295,0.007708,0.002682,-0.06581,-0.1088
N_ba_D,I_ba,-0.01544,-0.02013,-0.01398,-0.003606,-0.01031,-0.03105,0.03036,0.03459
N_ba_D,N_D,0.0367,-0.004029,0.01961,0.02324,0.0434,-0.02837,-0.01006,-0.02915
N_ba_D,N_a_D,-0.1602,-0.1236,-0.1204,0.02744,0.181,0.1533,0.01922,-0.07385
N_ba_D,N_ba_D,-0.002936,-0.03261,-0.04006,-0.04473,-0.08199,-0.08976,0.0265,0.07562
N_ba_D,Np_D,-0.08446,-0.06572,-0.0904,-0.007532,0.1415,0.3385,0.322,0.1668
N_ba_D,N_SP2_D,0.0158,0.01243,-0.02872,0.02261,-0.01357,-0.004499,0.02774,0.042
N_ba_D,N_AMID_D,0.02564,0.0351,0.1246,0.1357,0.02141,-0.09242,-0.1816,-0.1787
N_ba_D,Np_RES_D,0.05587,0.002938,-0.04954,-0.1388,-0.1278,-0.08408,0.009314,0.03714
N_ba_D,N_DA,0.05181,0.002898,-0.002485,0.03376,-0.01341,-0.03805,-0.001052,0.01182
N_ba_D,N_a_DA,-0.0326,-0.02719,-0.01006,-0.03497,-0.06381,-0.1242,-0.2214,-0.1581
N_ba_D,O_DA,0.1162,0.06815,-0.007546,-0.08945,-0.01466,0.03421,0.07422,0.07311
N_ba_D,O_ba_DA,0.04475,-0.01046,0.03353,0.03442,0.02119,-0.03847,-0.09713,0.01986
N_ba_D,Met_DA,0.06623,0.05791,0.1164,0.1494,0.124,0.1417,0.07207,0.07071
N_ba_D,N_A,-0.01167,0.02798,0.01299,-0.008662,-0.008523,-0.009501,0.007372,0.004091
N_ba_D,N_a_A,0.06117,0.07417,0.02066,-0.00594,0.00415,-0.0686,-0.1667,-0.1622
N_ba_D,O_A,0.08836,0.07733,0.04388,-0.001517,0.002533,0.118,0.1559,0.03214
N_ba_D,O_a_A,0.0243,0.01817,0.01489,0.0209,-0.008642,0.001614,-0.03195,-0.03995
N_ba_D,On_A,0.05412,0.04145,-0.1067,-0.2036,-0.04742,0.09355,0.04213,-0.1081
N_ba_D,O_SP2_A,0.04913,0.02835,0.02903,0.05873,0.08681,0.1117,0.1695,0.1597
N_ba_D,O_AMID,0.03727,-0.09116,-0.1673,0.003963,0.0494,-0.02468,0.001569,0.06576
N_ba_D,O_CAR,0.03027,-0.06307,-0.1766,-0.2039,-0.1506,-0.1155,-0.1498,-0.1122
N_ba_D,O_ALD,0.02294,0.04844,0.1142,0.3485,0.4252,0.3308,0.09274,-0.07946
N_ba_D,N,0.06599,0.1328,0.1461,0.1078,0.001701,-0.03032,-0.01645,0.01343
N_ba_D,Np,0.0132,-0.0111,-0.01797,-0.01403,-0.01161,0.05434,0.08769,0.01331
N_ba_D,N_SP,0.02133,0.02698,-0.02504,-0.003078,0.01323,0.01394,0.01431,-6.453e-05
N_ba_D,O,-0.003109,-0.007348,-0.03213,-0.02654,0.02084,-0.01604,0.01633,-0.009477
N_ba_D,On,-0.01468,0.00376,-0.01452,-0.01335,0.006381,0.004712,-0.01448,-0.03245
N_ba_D,S,-0.02609,-0.04107,0.002761,0.007736,-0.01307,0.002623,-0.008207,0.07136
N_ba_D,S_a,-0.003552,0.01537,-0.02207,0.03202,-0.02235,0.02686,0.009245,-0.0324
N_ba_D,S_H,-0.01136,-0.04209,-0.03568,-0.01166,0.05512,0.0555,0.01444,-0.0415
N_ba_D,P,-0.1018,-0.1343,-0.1383,-0.1439,-0.0575,0.1078,0.1914,0.09858
N_ba_D,U,-0.02272,-0.05785,-0.05193,-0.01626,-0.04183,-0.04743,-0.01428,-0.01217
Np_D,H,-0.0785,-0.02583,0.06681,0.08108,0.1291,0.07704,0.0199,0.01018
Np_D,H_N,0.005342,-0.004258,-0.0239,-0.02207,-0.02195,-0.03018,-0.07908,-0.07429
Np_D,H_O,0.009738,0.03305,-0.02081,-0.08614,-0.05419,0.03191,0.07871,-0.007362
Np_D,H_S,0.04571,0.02752,0.02327,-0.06234,-0.07674,-0.06896,0.04057,0.01521
Np_D,H_ba,-0.05805,0.01543,0.06342,0.1145,0.07075,-0.01904,-0.08385,-0.01197
Np_D,C,-0.0405,-0.06394,-0.01623,0.02631,0.0351,0.07041,0.006733,0.01374
Np_D,C_a,-0.07741,-0.04624,-0.0304,0.02084,0.006425,0.02038,-0.03967,-0.04134
Np_D,C_SP2,-0.02891,0.01295,0.03639,0.03024,-0.03817,-2.671e-05,0.08284,0.1279
Np_D,C_SP,-0.01453,0.008621,-0.03947,0.004725,0.008465,-0.01827,0.01869,0.075
Np_D,F,-0.02746,0.009979,-0.01797,0.02891,0.01069,0.018,0.005698,-0.01169
Np_D,F_ba,-0.03925,0.00304,0.02739,-0.009194,0.004197,-0.01991,0.03023,0.0059
Np_D,Cl,-0.01986,-0.01598,-0.003068,0.0795,0.03265,0.07963,0.02218,0.03069
Np_D,Cl_ba,0.002806,0.01723,0.01599,0.01989,-0.007111,0.01167,0.006677,0.01734
Np_D,Br,0.01755,0.006264,-0.00585,0.04381,0.02534,0.05338,0.02289,-0.0008544
Np_D,Br_ba,-0.01453,-0.01948,0.03349,-0.01043,-0.01443,-0.001897,-0.02389,0.01104
Np_D,I,0.007939,0.00833,0.003914,-0.004089,-0.0007325,0.009315,0.06949,0.07374
Np_D,I_ba,-0.03455,0.03866,0.009265,-0.0001111,-0.009754,-0.001114,0.001593,-0.03289
Np_D,N_D,-0.01639,0.01233,0.02686,0.05239,0.01422,-0.03674,-0.01088,0.03634
Np_D,N_a_D,0.009467,0.03508,0.08143,0.06598,-0.03747,-0.08928,-0.04027,0.01844
Np_D,N_ba_D,0.03812,0.05055,0.02578,-0.016,-0.0995,-0.0959,-0.06512,-0.002832
Np_D,Np_D,0.01545,-0.01858,-0.009157,-0.0108,-0.1026,-0.2535,-0.2491,-0.1515
Np_D,N_SP2_D,0.01802,-0.0009467,-0.06075,-0.02284,-0.01274,-0.03017,0.02054,-0.02356
Np_D,N_AMID_D,-0.04768,-0.06994,-0.01699,0.04861,0.01617,0.05769,0.1775,0.1229
Np_D,Np_RES_D,-0.003294,0.002413,0.02287,0.03746,0.04874,-0.002501,-0.05234,-0.09418
Np_D,N_DA,0.003736,0.0277,0.01633,-0.03105,0.03943,0.004603,0.005765,0.04023
Np_D,N_a_DA,0.05817,0.08933,0.09751,0.1077,0.1065,0.1139,0.09551,-0.02482
Np_D,O_DA,0.0009521,-0.01766,-0.03558,-0.1372,-0.1146,0.01835,-0.009738,-0.04878
Np_D,O_ba_DA,-0.009321,-0.008503,-0.02011,0.02116,0.08826,0.08602,0.07401,0.04668
Np_D,Met_DA,-0.01353,-0.02226,-0.02165,-0.02735,0.03302,0.01489,-0.03596,-0.05599
Np_D,N_A,0.001692,0.0391,0.01141,0.006318,0.0176,0.01143,-0.0135,0.004634
Np_D,N_a_A,0.05491,0.03068,0.03085,-0.000991,-0.04596,-0.05448,-0.1281,-0.1141
Np_D,O_A,-0.06116,-0.03437,-0.03754,-0.006438,0.01389,0.009726,-0.03951,-0.001497
Np_D,O_a_A,0.02575,0.01585,0.004317,-0.01905,-0.009583,-0.005171,-0.01639,-0.02379
Np_D,On_A,0.07135,0.04332,-0.01028,-0.1463,-0.09743,-0.02873,-0.1302,-0.1579
Np_D,O_SP2_A,0.006236,-0.02995,-0.05415,-0.07202,-0.009258,0.0356,0.04175,-0.002221
Np_D,O_AMID,0.1334,0.1389,0.05999,-0.123,-0.02872,0.1218,0.157,0.1428
Np_D,O_CAR,0.01342,-0.01371,0.009235,-0.08518,-0.1327,-0.03533,0.03843,0.05296
Np_D,O_ALD,-0.006055,-0.0445,-0.08148,-0.1197,-0.1269,-0.1009,-0.05463,-0.04777
Np_D,N,-0.02825,-0.04219,0.008465,0.02805,0.03369,-0.0147,-0.1702,-0.1112
Np_D,Np,-0.02366,-0.02476,-0.03698,-0.03559,-0.03127,-0.01481,0.008801,-0.01661
Np_D,N_SP,0.01617,0.002362,-0.004528,-0.01797,-0.0425,0.01208,-0.01161,0.02246
Np_D,O,0.006035,-0.004488,0.003873,9.11e-05,0.003712,0.02108,0.01877,-0.005361
Np_D,On,-0.01482,0.05346,-0.02763,0.02755,0.03678,0.01774,0.01008,-0.03341
Np_D,S,-0.0405,-0.01326,-0.02566,-0.05978,-0.08722,-0.01665,0.0502,0.0977
Np_D,S_a,0.01342,-0.007656,0.03172,-0.03297,0.02812,-0.003568,-0.01752,0.006544
Np_D,S_H,0.009988,-0.003357,-0.0397,-0.05256,-0.03026,-0.01363,0.01325,0.01022
Np_D,P,0.09065,0.05784,0.0499,0.066,0.06548,0.12,0.08495,0.05556
Np_D,U,-0.0221,-0.02125,-0.02951,-0.04742,-0.06039,-0.02368,-0.02732,0.03279
N_SP2_D,H,-0.01709,-0.00803,0.01085,0.0283,0.04471,0.006212,-0.02613,-0.04139
N_SP2_D,H_N,0.02609,0.04556,0.05664,0.01789,0.02896,-0.01091,-0.0475,-0.007119
N_SP2_D,H_O,0.01607,0.02813,-0.03047,-0.04443,-0.04742,-0.02422,-0.027,-0.0428
N_SP2_D,H_S,0.005758,0.002657,0.003491,0.01655,-0.003002,-0.001958,0.02363,-0.03571
N_SP2_D,H_ba,-0.005625,-0.006275,0.03573,0.01614,0.03149,0.009265,-0.02217,-0.006145
N_SP2_D,C,0.002698,-0.03432,-0.002029,-0.004782,0.03212,0.03841,-0.0299,-0.05646
N_SP2_D,C_a,0.004413,-0.03537,-0.008478,-0.0007767,0.01121,0.01037,0.0006982,-0.0271
N_SP2_D,C_SP2,0.009448,-0.006005,-0.04754,-0.02572,-0.008653,0.009002,-0.03632,-0.0335
N_SP2_D,C_SP,-0.0007145,0.002691,-0.006067,-0.02349,-0.003891,-0.01089,0.02271,0.01415
N_SP2_D,F,0.009337,-0.003961,-0.02322,-0.006201,0.02119,-0.007511,-0.01834,-0.01103
N_SP2_D,F_ba,-0.004121,-0.01096,0.0008651,0.002546,-0.005022,0.002641,-0.001231,-0.01248
N_SP2_D,Cl,-0.01706,-0.00848,-0.01151,-0.002632,0.01223,0.03163,0.02449,0.0313
N_SP2_D,Cl_ba,0.004117,0.009011,-0.00689,-0.009589,0.01117,0.002597,-0.001298,-0.007044
N_SP2_D,Br,-0.005834,-0.01529,-0.03895,-0.006894,-0.0286,0.006788,0.03168,0.06309
N_SP2_D,Br_ba,-0.008251,0.004762,0.003836,0.01006,0.02006,-0.00609,-0.008548,-0.007715
N_SP2_D,I,0.01191,0.003476,-0.006586,-0.004854,-0.0004667,-0.006069,0.005656,0.0211
N_SP2_D,I_ba,0.007796,0.03102,-0.008807,-0.005972,-0.01082,-0.007099,-0.002037,0.01218
N_SP2_D,N_D,-0.03765,-0.01015,-0.01321,0.01411,0.0158,0.005067,-0.004057,0.006001
N_SP2_D,N_a_D,-0.002889,0.00951,0.006266,0.02733,0.0456,0.01998,-0.002246,0.001637
N_SP2_D,N_ba_D,0.04806,0.0104,0.0293,0.005605,-0.02241,-0.01481,-0.003176,0.006027
N_SP2_D,Np_D,-0.0005874,-0.03619,-0.03393,-0.001334,0.05832,0.07753,0.05313,0.007919
N_SP2_D,N_SP2_D,0.006582,0.02109,-0.01643,-0.01714,0.003433,0.003607,-0.001786,0.02111
N_SP2_D,N_AMID_D,-0.00306,0.009033,-0.01502,0.001199,-0.01748,-0.03257,-0.08707,-0.06624
N_SP2_D,Np_RES_D,0.02906,-0.00581,0.008605,-0.01035,-0.02632,-0.0139,-0.02528,0.01056
N_SP2_D,N_DA,0.0104,0.01206,-0.01588,-0.005657,0.009756,0.01807,-0.007465,0.007417
N_SP2_D,N_a_DA,-0.03954,-0.01786,-0.007463,-0.005094,-0.02766,-0.01501,-0.03509,-0.04551
N_SP2_D,O_DA,-0.01788,0.006251,-0.006521,-0.02559,-0.04364,-0.003521,-0.0342,-0.06389
N_SP2_D,O_ba_DA,0.04648,0.02482,0.01498,-0.001255,-0.02864,-0.01392,-0.02559,-0.02645
N_SP2_D,Met_DA,0.01698,0.03592,0.04022,0.05682,0.01675,-0.03108,-0.02474,-0.008812
N_SP2_D,N_A,0.005555,0.02046,0.009241,-0.01779,0.01275,-0.002475,0.01323,0.001924
N_SP2_D,N_a_A,0.02714,0.056,0.05763,0.02674,0.02263,0.05159,-0.0358,-0.08532
N_SP2_D,O_A,-0.004508,-0.02766,-0.04193,-0.09109,-0.04701,-0.02011,-0.005295,-0.0101
N_SP2_D,O_a_A,0.01737,0.01387,0.009896,0.01028,0.006567,-0.01191,-0.008855,-0.00694
N_SP2_D,On_A,-0.02499,-0.00544,-0.04602,-0.07963,-0.06128,-0.04607,-0.03646,-0.05922
N_SP2_D,O_SP2_A,0.01172,0.01671,0.01685,0.008186,-0.02615,-0.01451,0.01048,0.01918
N_SP2_D,O_AMID,0.05882,0.009479,-0.02717,-0.05481,-0.04574,-0.04098,-0.03352,-0.05081
N_SP2_D,O_CAR,0.0221,0.004972,0.01425,-0.01933,-0.02679,-0.02135,-0.02654,-0.02576
N_SP2_D,O_ALD,0.0383,0.05755,0.08644,0.1662,0.1551,0.1361,0.07016,0.04697
N_SP2_D,N,-0.006672,-0.009348,0.01145,0.03303,0.01447,-0.02117,-0.003695,0.01784
N_SP2_D,Np,0.001049,-0.02716,0.007043,-0.009929,0.02839,0.0455,0.01742,0.003934
N_SP2_D,N_SP,-0.0006391,0.003041,0.0005849,-0.01259,0.004744,0.001629,-0.005123,0.01626
N_SP2_D,O,-0.007561,0.009381,0.002341,-0.00695,-0.0116,0.002288,0.01109,0.02381
N_SP2_D,On,-0.01294,0.0271,-0.007834,0.02461,0.008993,0.001098,0.009584,-0.009499
N_SP2_D,S,-0.01199,-0.03532,-0.008499,-0.04249,-0.007942,0.01508,-0.006346,0.01732
N_SP2_D,S_a,0.001954,0.003147,-0.01677,0.02839,-0.004409,0.02215,-0.01338,-0.01778
N_SP2_D,S_H,0.0049,0.001333,-0.005856,-0.01075,0.01295,-0.004006,0.002671,-0.03046
N_SP2_D,P,-0.04434,-0.06051,-0.06135,-0.05442,-0.04044,0.002917,0.01888,-0.01408
N_SP2_D,U,0.01674,0.004652,-0.01727,-0.01883,-0.003933,-0.01762,-0.02116,-0.005178
N_AMID_D,H,-0.03342,0.00992,0.03342,-0.02404,0.03138,0.01192,0.0007345,-0.02707
N_AMID_D,H_N,-0.05287,-0.03452,-0.03809,-0.08106,-0.06569,0.02382,0.03846,-0.02433
N_AMID_D,H_O,0.01471,0.0005371,0.01186,0.00636,0.03853,0.0573,-0.005449,-0.05572
N_AMID_D,H_S,0.02785,0.03804,0.03069,0.08181,0.03424,0.02862,-0.042,-0.07269
N_AMID_D,H_ba,0.03932,-0.04697,-0.05775,-0.07377,-0.002052,-0.0345,-0.05916,-0.08021
N_AMID_D,C,-0.07104,-0.02993,-0.002924,-0.02337,-0.05994,0.02869,0.04981,0.06997
N_AMID_D,C_a,-0.01539,-0.0327,-0.02931,-0.01437,-0.008401,0.002229,-0.001874,-0.06891
N_AMID_D,C_SP2,0.0469,0.06718,0.05661,0.005626,-0.02413,0.02575,0.1247,0.06871
N_AMID_D,C_SP,-0.03171,-0.01999,-0.007984,-0.002154,-0.02073,-0.009268,-0.001372,0.005548
N_AMID_D,F,0.005036,-0.03162,0.02528,-0.01144,-0.01015,-0.02049,-0.06208,-0.00576
N_AMID_D,F_ba,-0.02578,0.02192,0.009038,-0.005258,0.0125,-0.004374,0.01619,0.005931
N_AMID_D,Cl,0.03005,-0.007994,0.01805,0.02697,0.004256,-0.05017,-0.03274,-0.04436
N_AMID_D,Cl_ba,0.03657,-0.01476,0.01088,-0.006687,0.008284,-0.01046,-0.0308,0.01164
N_AMID_D,Br,0.01422,-0.04818,-0.04854,0.004069,-0.02122,-0.02642,-0.01818,-0.004336
N_AMID_D,Br_ba,-0.001531,-0.02784,-0.01766,-0.01071,0.001788,-0.001639,0.01148,0.01391
N_AMID_D,I,0.01423,-0.004374,0.01198,0.02637,0.0124,-0.01295,-0.0009073,-0.001784
N_AMID_D,I_ba,-0.03021,0.01034,0.02335,0.004004,0.01484,-0.007902,0.009305,-0.007553
N_AMID_D,N_D,0.02226,-0.0138,-0.0137,-0.02164,-0.01678,0.03447,0.04485,0.00455
N_AMID_D,N_a_D,0.05121,0.03204,0.03417,0.02027,-0.09243,-0.07949,-0.08928,-0.09267
N_AMID_D,N_ba_D,0.04565,0.04873,0.0131,0.01269,-0.04772,-0.02302,-0.03631,-0.05573
N_AMID_D,Np_D,0.0008964,0.04345,0.01395,-0.02154,-0.04755,-0.05263,0.1154,0.1338
N_AMID_D,N_SP2_D,-0.02668,0.03478,-0.006482,-0.007915,-0.00438,-0.01577,0.00527,0.003328
N_AMID_D,N_AMID_D,0.07386,0.04403,0.01802,-0.07489,-0.0996,0.01852,0.06902,0.04629
N_AMID_D,Np_RES_D,0.0664,0.05266,0.04667,0.06036,0.05609,0.05084,-0.02085,-0.07803
N_AMID_D,N_DA,-0.01313,-0.00345,0.006485,0.001127,-0.01201,0.0286,0.005443,-0.002398
N_AMID_D,N_a_DA,0.01182,-0.0435,-0.03827,-0.03418,-0.04578,-0.05207,0.02884,-0.01287
N_AMID_D,O_DA,-0.008959,0.0187,-0.009478,-0.003357,0.01405,0.0493,0.03651,-0.04841
N_AMID_D,O_ba_DA,0.05672,0.04797,0.05907,0.0618,0.01578,0.03037,-0.004466,-0.02473
N_AMID_D,Met_DA,-0.04555,-0.04982,-0.02163,0.05549,0.03205,-0.01702,0.03037,0.09389
N_AMID_D,N_A,-0.002103,0.01647,0.005297,0.0009125,0.002883,0.01329,0.00172,0.002425
N_AMID_D,N_a_A,-0.02063,-0.02248,-0.08095,-0.06048,-0.08034,-0.01707,0.05695,0.03561
N_AMID_D,O_A,0.01412,0.02846,0.01668,-0.02741,-0.05486,-0.05305,-0.03027,-0.07278
N_AMID_D,O_a_A,-0.03253,-0.0106,0.04,-0.002398,-0.002669,-0.01886,0.03049,-0.009969
N_AMID_D,On_A,0.06868,0.0466,0.08519,0.1011,0.129,0.05924,-0.02907,-0.1153
N_AMID_D,O_SP2_A,0.06412,0.02416,0.04212,0.08516,0.04358,-0.005854,-0.009992,-0.03826
N_AMID_D,O_AMID,0.05877,0.01474,-0.08391,-0.09211,0.05192,0.06721,0.01373,0.01317
N_AMID_D,O_CAR,-0.0007566,0.03995,0.05213,-0.02989,-0.03061,-0.0325,-0.01151,-0.003256
N_AMID_D,O_ALD,0.06008,0.08525,0.1301,0.1891,0.2474,0.227,0.08874,0.04784
N_AMID_D,N,0.01511,0.07133,0.04246,0.1113,0.0478,0.01332,-0.01037,0.02842
N_AMID_D,Np,-0.01419,-0.01256,0.01555,0.01498,0.004045,0.01258,-0.006765,-0.01364
N_AMID_D,N_SP,0.002804,0.005279,0.007301,0.01294,0.02906,0.0007606,-0.01001,-0.02331
N_AMID_D,O,0.03215,-0.01011,0.003493,-7.967e-05,0.006924,-0.003368,0.009787,-0.007458
N_AMID_D,On,-0.01523,0.01294,0.006851,-0.01613,-0.02037,-0.01794,0.008748,0.01557
N_AMID_D,S,0.08743,0.09223,0.0912,0.05305,-0.02754,-0.009628,-0.005,-0.01634
N_AMID_D,S_a,0.003826,0.03998,0.006025,0.003218,-0.003633,0.01577,0.01368,-0.01619
N_AMID_D,S_H,0.0288,0.06626,0.1102,0.04191,0.0008108,-0.02511,-0.009786,-0.01533
N_AMID_D,P,0.06268,0.08754,0.07931,0.09037,0.07193,0.04949,-0.05306,-0.03077
N_AMID_D,U,0.01942,0.03892,0.003914,0.02767,-0.04962,-0.05156,-0.03362,0.02189
Np_RES_D,H,-0.01115,-0.005286,0.0121,0.01575,0.01673,-0.008924,-0.0178,-0.01632
Np_RES_D,H_N,0.01495,0.04881,0.02392,0.01281,0.01732,0.0203,0.00232,-0.01187
Np_RES_D,H_O,0.01461,0.01554,0.01594,-0.01791,0.002202,0.002191,-0.01541,0.01022
Np_RES_D,H_S,0.01562,-0.003651,-0.009444,-0.0001539,-0.004646,0.009107,0.0004472,-0.01847
Np_RES_D,H_ba,-0.01028,-0.004082,-0.0005062,-0.002382,-0.02716,0.004734,-0.0328,-0.01185
Np_RES_D,C,0.006625,0.0113,0.01662,0.02233,0.005133,0.001134,0.006201,-0.01779
Np_RES_D,C_a,0.02649,-0.0036,-0.001563,0.003861,-0.01619,-0.003523,-0.03435,-0.03092
Np_RES_D,C_SP2,0.00575,-0.0003632,-0.01821,-0.007709,-0.02013,0.004555,-0.03835,-0.03023
Np_RES_D,C_SP,0.005,0.007257,0.004355,-0.001326,-0.01187,0.001666,0.005705,-0.01209
Np_RES_D,F,0.0186,0.004161,-0.003669,0.004546,-0.01348,-0.007328,-0.003631,-0.01373
Np_RES_D,F_ba,-0.008246,-0.004546,0.0005293,0.006628,-0.007984,-0.006495,0.01545,-0.002396
Np_RES_D,Cl,-0.01832,-0.008061,-0.03855,-0.0145,-0.01609,0.01455,0.004768,0.001402
Np_RES_D,Cl_ba,-0.00142,0.003605,-0.007816,-0.004137,0.003403,0.004568,0.0007775,-0.00882
Np_RES_D,Br,-0.003933,0.008405,-0.002154,-0.006311,-0.005881,-0.007783,0.01812,0.02555
Np_RES_D,Br_ba,-0.007921,-0.003677,0.01319,0.003159,-0.018,-3.682e-05,-0.007547,-0.004863
Np_RES_D,I,-0.01383,-0.001845,-0.0004453,0.006869,0.01819,-0.004828,-0.01449,0.02134
Np_RES_D,I_ba,0.005523,0.004835,0.006191,-0.014,0.004136,0.01487,-0.01015,-0.009877
Np_RES_D,N_D,0.002372,-0.009086,-0.004431,0.007391,0.01104,-0.009479,0.01144,-0.003232
Np_RES_D,N_a_D,-0.02449,-0.007741,0.00226,0.01238,0.02473,0.02014,-0.006124,0.0105
Np_RES_D,N_ba_D,0.0273,0.03112,0.03471,0.02229,-0.01717,-0.03604,-0.001374,0.01136
Np_RES_D,Np_D,-0.008167,-0.03232,-0.04164,-0.002028,0.0416,0.09639,0.08807,0.03099
Np_RES_D,N_SP2_D,-0.007178,0.01755,0.007996,0.01302,0.01985,0.02468,0.01719,0.001823
Np_RES_D,N_AMID_D,0.002551,0.005287,-0.0007694,0.01227,-0.002601,-0.05137,-0.06471,-0.05613
Np_RES_D,Np_RES_D,0.01455,-0.01306,-0.006504,-0.006886,0.002328,-0.01543,-0.02842,-0.001295
Np_RES_D,N_DA,0.01787,0.004605,-0.01247,-0.005059,0.007207,-0.003741,0.006707,0.004041
Np_RES_D,N_a_DA,-0.01159,-0.02884,0.005467,-0.02728,-0.02638,-0.01548,-0.03616,-0.02477
Np_RES_D,O_DA,0.01166,0.004051,-0.006585,0.00124,0.005358,0.01671,-0.01431,0.005346
Np_RES_D,O_ba_DA,0.0109,0.02562,0.01215,0.01856,0.0136,-0.01818,-0.04839,-0.03665
Np_RES_D,Met_DA,0.002016,0.01642,0.01929,0.006658,-0.003636,0.002309,-0.002564,0.01702
Np_RES_D,N_A,0.003565,0.005014,-0.009258,-0.005744,-0.008277,0.004721,0.006827,0.01135
Np_RES_D,N_a_A,-0.003524,0.006399,0.01877,-0.005329,0.005974,0.003099,-0.05633,-0.06739
Np_RES_D,O_A,0.01105,-0.01778,-0.02573,-0.0182,-0.03873,-0.02769,-0.01848,-0.03809
Np_RES_D,O_a_A,0.002333,-0.006757,-0.001322,0.0008507,0.01249,-0.004854,-0.02272,-0.001748
Np_RES_D,On_A,-0.02039,-0.02684,-0.05766,-0.06366,-0.03651,-0.0294,-0.03394,-0.06035
Np_RES_D,O_SP2_A,0.01546,0.009518,0.004555,-0.01279,-0.02786,-0.0164,-0.01813,-0.001785
Np_RES_D,O_AMID,0.001978,0.001748,0.0121,-0.01379,-0.002619,-0.05453,-0.04046,-0.03989
Np_RES_D,O_CAR,-0.005437,-0.03584,0.002718,-0.03142,-0.05209,-0.05093,-0.01697,-0.01306
Np_RES_D,O_ALD,0.04114,0.048,0.08307,0.12,0.131,0.07379,0.03034,0.004933
Np_RES_D,N,0.009692,0.01166,0.0281,0.03227,-0.002163,-0.005093,-0.02802,-0.006877
Np_RES_D,Np,-0.01086,-0.006639,-0.003877,-0.009546,-0.004373,0.0138,-0.009576,0.004607
Np_RES_D,N_SP,0.006023,0.002072,0.006468,-0.003159,-0.009267,0.01376,0.007888,-0.005091
Np_RES_D,O,0.01058,-0.02143,-0.008256,-0.009066,-0.003259,0.008591,-0.0001442,-0.009049
Np_RES_D,On,0.007319,0.01688,0.01436,-0.002173,-0.000337,0.002495,-0.0004293,0.001518
Np_RES_D,S,0.001617,-0.0117,-0.01198,-0.03414,-0.009797,-0.033,-0.03355,0.005547
Np_RES_D,S_a,-0.007616,0.001292,-0.0001016,0.02247,-0.008463,-5.136e-05,0.007855,0.001762
Np_RES_D,S_H,-0.009738,-0.001162,-0.01442,0.001326,0.02147,0.02892,0.0004284,-0.006873
Np_RES_D,P,-0.02506,-0.01871,-0.01537,-0.02827,-0.005997,-0.00369,-0.01945,-0.004576
Np_RES_D,U,-0.006024,-0.002542,-0.01377,-0.002538,-0.01051,-0.01716,-0.01984,-0.002684
N_DA,H,0.05031,-0.006415,-0.06593,-0.05424,-0.03416,-0.02996,-0.0918,-0.06016
N_DA,H_N,-0.002961,-0.01139,-0.02456,-0.03336,-0.02701,0.02407,0.02292,0.003527
N_DA,H_O,-0.001447,0.0138,0.01534,0.03592,0.03672,-0.01472,-0.05694,-0.0487
N_DA,H_S,0.01438,0.03348,0.02214,0.01819,0.01121,-0.04274,-0.06085,-0.05855
N_DA,H_ba,0.03209,0.01625,-0.003179,-0.02511,-0.02256,-0.05597,-0.0525,-0.08282
N_DA,C,0.02687,0.01228,-0.01199,-0.04247,-0.05161,-0.002015,0.03693,-0.02089
N_DA,C_a,0.06998,0.01441,0.0124,-0.04669,-0.04773,-0.02969,-0.02379,-0.01659
N_DA,C_SP2,0.00105,-0.02309,-0.02888,-0.04112,-0.001744,0.05254,0.0274,-0.0159
N_DA,C_SP,-0.007688,0.01108,-0.01984,0.0006739,-0.01734,-0.007822,-0.008852,-0.003941
N_DA,F,0.02505,0.02879,0.008732,0.005667,-0.00158,-0.006149,-0.01887,0.009135
N_DA,F_ba,0.005969,0.00481,0.01142,-0.004905,0.02171,-0.004417,-0.01927,-0.01919
N_DA,Cl,0.0003651,0.01128,-0.0107,0.007816,0.01117,-0.03341,-0.01791,-0.01135
N_DA,Cl_ba,-0.01542,-0.007816,-0.001879,0.004235,0.01051,-0.02015,-0.008789,-0.01483
N_DA,Br,0.0009199,0.006614,-0.001626,0.0008952,-0.01167,-0.01792,0.001942,0.0264
N_DA,Br_ba,-0.004747,-0.005111,0.01114,-0.02814,0.005934,0.004413,0.003901,0.01499
N_DA,I,-0.006419,0.01623,0.008516,0.02464,0.006347,-0.03815,-0.03094,-0.01226
N_DA,I_ba,0.007223,-0.01233,0.007455,0.01191,0.03043,0.0016,0.001055,0.008235
N_DA,N_D,0.008138,0.02837,-0.01612,-0.0134,-0.01058,0.01442,0.02834,0.02753
N_DA,N_a_D,0.006587,0.002978,0.003444,-0.00732,-0.01058,0.01093,-0.008178,-0.01978
N_DA,N_ba_D,0.05536,0.04463,0.0417,-0.01123,-0.04564,-0.07511,-0.01643,0.009745
N_DA,Np_D,0.02822,0.004223,-0.00821,-0.03962,0.04434,0.2287,0.2955,0.2359
N_DA,N_SP2_D,-0.008124,-0.02745,0.003191,0.005234,0.006334,-0.001407,0.0109,0.01093
N_DA,N_AMID_D,0.03937,0.01402,-0.05457,-0.04157,-0.05997,-0.05544,-0.1244,-0.1326
N_DA,Np_RES_D,0.05901,0.02861,-0.008318,-0.02438,-0.003256,0.01248,-0.004147,-0.06094
N_DA,N_DA,-0.02389,-0.02353,0.01964,-0.0044,-0.0179,0.01765,0.01262,-0.01393
N_DA,N_a_DA,0.03379,-0.029,-0.002001,-0.02152,-0.04157,-0.03281,-0.03535,-0.0594
N_DA,O_DA,0.01152,0.02817,0.06156,0.06427,0.03335,-0.01715,-0.04202,-0.02867
N_DA,O_ba_DA,0.02025,0.01494,-0.02305,-0.01165,0.05191,0.03023,-0.04458,-0.0467
N_DA,Met_DA,-0.01649,-0.0155,-0.02823,-0.04142,-0.01121,-0.005633,0.06692,0.09204
N_DA,N_A,-0.0002499,-0.008799,-0.001265,0.01357,0.03896,0.01042,-0.01524,-0.01101
N_DA,N_a_A,0.01821,0.02976,-0.02208,-0.04628,-0.05828,-0.01979,0.02539,0.01113
N_DA,O_A,-0.00171,-0.0181,-0.02282,-0.02253,-0.01832,-0.06653,-0.04702,-0.03281
N_DA,O_a_A,-0.01297,0.007292,-0.007681,-0.00469,0.01118,-0.0146,0.01261,-0.006495
N_DA,On_A,0.03874,0.01459,0.02397,0.05189,0.05635,0.005007,-0.0282,-0.09646
N_DA,O_SP2_A,0.01627,0.03856,0.06382,0.03828,0.02221,-0.001589,0.009049,0.02055
N_DA,O_AMID,0.04308,0.02442,-0.001992,-0.02993,-0.07812,-0.03713,-0.08391,-0.1231
N_DA,O_CAR,-0.006321,-0.02842,-0.05653,-0.03638,-0.05123,-0.04117,-0.02452,-0.04091
N_DA,O_ALD,0.0717,0.1335,0.1886,0.3291,0.4405,0.3931,0.2557,0.1164
N_DA,N,0.03607,0.01112,0.021,0.01104,-0.0232,-0.01676,-0.0004928,0.008247
N_DA,Np,0.02046,-0.007159,0.0076,0.02951,0.02597,0.05729,0.03518,0.03203
N_DA,N_SP,0.001909,-0.007509,0.0254,0.007557,-0.007996,0.007183,-0.002967,-0.004522
N_DA,O,0.01051,0.008097,-0.0125,0.01762,0.01379,0.006065,0.00725,-0.024
N_DA,On,0.0001639,-0.01521,-0.0008016,-0.008876,-0.005589,-0.00677,0.02039,0.03037
N_DA,S,0.05719,0.06781,0.03375,-0.009279,-0.0525,-0.02467,0.01565,0.01086
N_DA,S_a,-0.009102,0.005773,-0.01762,0.001021,-0.005555,-0.002782,-0.008162,-0.007875
N_DA,S_H,0.02248,0.01808,0.02931,0.005228,-0.0403,-0.05758,-0.06234,-0.05952
N_DA,P,0.02396,0.02967,0.01556,0.02216,0.04398,-0.01059,-0.01602,-0.03197
N_DA,U,0.008619,0.003427,-0.01056,0.01227,-0.002321,-0.03708,0.005932,-0.002446
N_a_DA,H,0.09445,0.02845,-0.08215,-0.1257,-0.07121,0.05898,0.02372,-0.03577
N_a_DA,H_N,-0.104,-0.07146,-0.03139,-0.02484,-0.1822,-0.1725,-0.0941,-0.1423
N_a_DA,H_O,-0.02415,0.02156,-0.05216,-0.03651,-7.272e-05,-0.06769,-0.1386,-0.1241
N_a_DA,H_S,0.01826,-0.02032,-0.04038,-0.0911,-0.1537,-0.1189,-0.08411,-0.07065
N_a_DA,H_ba,0.03902,0.03288,0.05795,0.04898,-0.009382,-0.09445,-0.04765,0.04164
N_a_DA,C,-0.01251,-0.01876,0.02498,0.04982,0.1392,0.1115,-0.07607,-0.09323
N_a_DA,C_a,0.09618,-0.02048,-0.1239,-0.08041,-0.04885,0.08177,0.00916,-0.04003
N_a_DA,C_SP2,0.04629,-0.04844,-0.1102,-0.05854,0.1753,0.2475,0.1825,-0.02401
N_a_DA,C_SP,-0.003588,-0.02065,-0.0256,0.004894,0.05282,0.02712,-0.05877,-0.00747
N_a_DA,F,-0.006539,-0.004356,-0.005547,0.1009,0.0772,0.06134,-0.02247,-0.03279
N_a_DA,F_ba,0.009035,-0.01615,-0.01059,0.008571,-0.01229,0.04044,0.04075,0.01885
N_a_DA,Cl,0.06053,0.04175,0.09569,0.1439,0.1845,0.1098,0.0622,-0.06732
N_a_DA,Cl_ba,0.01365,0.02139,-0.019,0.02576,0.001577,-0.002043,0.03475,0.02004
N_a_DA,Br,-0.02553,-0.002079,0.04407,0.05282,0.01106,0.07504,0.01643,0.1137
N_a_DA,Br_ba,0.006942,-0.0281,-0.001711,0.02239,0.03093,-0.01546,0.04169,-0.0137
N_a_DA,I,-0.008282,0.02228,0.04318,-0.02772,-0.01495,-0.07069,-0.03308,-0.01363
N_a_DA,I_ba,-0.05603,-0.009466,0.005383,0.02779,-0.002932,-0.004565,-0.0267,0.005995
N_a_DA,N_D,0.05063,0.03223,-0.01076,-0.02139,0.004712,0.06949,-0.05074,-0.05468
N_a_DA,N_a_D,-0.009101,0.01533,0.08528,0.1331,0.04047,-0.005529,0.0638,0.01596
N_a_DA,N_ba_D,0.2446,0.1729,0.09877,0.05657,0.04645,-0.003793,-0.03731,-0.01603
N_a_DA,Np_D,0.003991,0.01075,0.03427,0.04082,0.1507,0.4062,0.4329,0.2777
N_a_DA,N_SP2_D,0.02621,-0.009331,0.02092,0.003653,0.02813,0.03028,-0.001779,-0.05072
N_a_DA,N_AMID_D,0.1258,0.009625,-0.1056,-0.1182,-0.1112,-0.1109,-0.2312,-0.311
N_a_DA,Np_RES_D,0.1997,0.07361,0.04077,-0.05088,-0.05426,0.03752,0.046,-0.01367
N_a_DA,N_DA,-0.02856,-0.04482,0.02013,0.01002,-0.003438,-0.0006485,0.02912,-0.06142
N_a_DA,N_a_DA,0.02914,-0.09065,-0.0725,-0.07626,-0.0848,0.02596,0.02136,-0.05358
N_a_DA,O_DA,0.003956,-0.01146,0.0141,-0.07446,-0.0508,-0.05852,-0.1498,-0.2145
N_a_DA,O_ba_DA,0.04395,-0.006312,-0.06706,-0.1402,-0.1818,-0.05187,0.1212,0.1011
N_a_DA,Met_DA,-0.166,-0.199,-0.1974,-0.1428,-0.1613,-0.2446,-0.112,-0.05421
N_a_DA,N_A,-0.01769,0.01604,0.04191,-0.02033,0.03446,0.01224,0.05062,-0.02522
N_a_DA,N_a_A,0.03325,0.09975,0.04798,0.1093,0.03033,0.01598,0.03431,0.007089
N_a_DA,O_A,0.02248,0.07805,0.0005072,-0.08256,-0.02814,0.002719,-1.204e-05,-0.02147
N_a_DA,O_a_A,-0.02915,-0.01834,0.03822,-0.01852,-0.04281,-0.01814,0.02849,-0.01079
N_a_DA,On_A,-0.04484,-0.04052,0.09299,0.1472,0.1917,0.1707,-0.06686,-0.1744
N_a_DA,O_SP2_A,0.05605,0.09363,0.1179,0.08366,0.07722,0.09918,-0.06649,-0.03114
N_a_DA,O_AMID,0.1833,0.08523,0.08576,0.09343,0.2248,0.1477,-0.06961,-0.1599
N_a_DA,O_CAR,-0.01164,-0.066,-0.08971,-0.0009815,0.09171,0.01791,-0.1074,-0.1973
N_a_DA,O_ALD,0.1185,0.2377,0.2827,0.3838,0.4454,0.3064,0.2171,0.1883
N_a_DA,N,-0.1248,-0.07592,-0.07229,0.04137,0.04044,0.0006784,0.07795,0.235
N_a_DA,Np,0.06768,-0.04517,-0.04816,-0.01728,0.04937,-0.001098,0.08914,0.03081
N_a_DA,N_SP,-0.03869,0.01446,-0.01635,-0.03581,0.03195,-0.02721,-0.01097,-0.03464
N_a_DA,O,-0.006884,0.0005718,-0.02636,0.0225,-0.004864,-0.01963,0.02136,0.01067
N_a_DA,On,-0.002825,-0.003239,0.02429,0.001294,0.006271,-0.01345,0.006501,0.001185
N_a_DA,S,0.2066,0.1901,0.1762,0.003199,-0.05211,-0.007526,0.02921,-0.0598
N_a_DA,S_a,0.02373,-0.01764,0.003566,0.02948,0.02237,0.0184,-0.04747,0.003331
N_a_DA,S_H,0.0762,0.1081,0.01369,-0.01991,-0.2043,-0.1485,-0.02099,-0.003456
N_a_DA,P,-0.005613,0.078,0.06987,0.1309,0.02692,-0.1384,-0.1431,-0.1003
N_a_DA,U,0.02869,0.06825,0.01248,-0.07739,-0.08647,-0.07228,-0.03723,-0.0377
O_DA,H,0.00532,0.003247,0.0341,0.08474,0.06911,-0.0316,-0.07675,-0.04286
O_DA,H_N,-0.06572,-0.03398,-0.02121,-0.05708,0.0299,0.07613,0.01764,-0.04238
O_DA,H_O,-0.04036,0.06226,0.06423,-0.03332,-0.0722,-0.08149,-0.1335,-0.1432
O_DA,H_S,0.04266,0.02841,-0.03565,-0.07399,-0.02191,-0.01727,-0.0564,-0.1181
O_DA,H_ba,0.02347,-0.05252,-0.06094,0.02035,0.05204,0.004601,-0.03367,-0.01362
O_DA,C,0.04327,0.06423,-0.05122,-0.07655,0.0127,0.06643,0.05068,-0.03486
O_DA,C_a,0.04893,0.06142,0.01529,0.008234,0.01311,0.02191,-0.02554,-0.1125
O_DA,C_SP2,0.1102,0.0351,-0.07452,-0.05016,0.08796,0.1015,0.02783,-0.1097
O_DA,C_SP,-0.02266,-0.01155,0.0114,-0.004518,-0.006426,0.00351,0.01475,-0.01955
O_DA,F,0.009087,-0.03711,-0.04543,-0.02386,0.07939,0.05869,-0.03216,-0.1099
O_DA,F_ba,-0.008115,-0.007131,-0.01104,-0.002724,0.008763,-0.003008,-0.01956,-0.01865
O_DA,Cl,-0.04979,-0.02347,-0.007021,0.07128,0.1858,0.2063,0.1089,0.04484
O_DA,Cl_ba,0.02814,0.01247,0.02342,0.01579,0.02689,0.005311,0.009526,0.01483
O_DA,Br,-0.006431,-0.007587,0.002386,0.03092,0.005964,0.01229,-0.002844,0.06154
O_DA,Br_ba,-0.005753,-0.01038,0.01708,0.02298,-0.01282,0.005944,-0.02872,-0.00405
O_DA,I,0.00721,-0.01911,0.005691,-0.01814,0.0267,0.03888,0.04877,0.05053
O_DA,I_ba,-0.01543,-0.02481,-0.01209,0.01442,-0.005972,0.001507,-0.01143,0.001033
O_DA,N_D,0.04435,0.04328,0.02893,0.05301,0.09299,0.005911,0.02726,0.02395
O_DA,N_a_D,0.1319,0.103,0.04021,-0.008677,-0.0821,-0.1415,-0.05678,0.09944
O_DA,N_ba_D,0.1701,0.1091,0.05537,0.02251,0.0005309,-0.009561,0.03606,0.05664
O_DA,Np_D,0.1193,0.09327,-0.02293,-0.1227,-0.01446,0.2811,0.4214,0.2062
O_DA,N_SP2_D,-0.007697,0.003389,0.0362,0.01906,0.06193,0.0532,0.04838,0.00741
O_DA,N_AMID_D,0.1458,0.0173,-0.07582,-0.07012,0.003635,-0.06569,-0.1871,-0.1617
O_DA,Np_RES_D,0.1615,0.09602,0.0486,-0.07568,-0.04071,-0.03662,-0.04117,0.06574
O_DA,N_DA,0.0203,0.03284,0.02664,0.02079,0.02056,0.01391,-0.0162,0.01511
O_DA,N_a_DA,-0.02087,-0.04811,-0.07601,-0.05527,-0.07655,-0.1086,-0.1143,-0.08967
O_DA,O_DA,-0.003328,-0.01594,0.04707,0.04235,-0.02251,-0.06915,-0.08448,-0.07685
O_DA,O_ba_DA,-0.05779,-0.03064,0.01867,0.06261,0.01152,-0.01441,-0.1191,-0.2075
O_DA,Met_DA,-0.05797,-0.07527,-0.04208,0.1462,0.2114,0.02208,-0.008086,0.1153
O_DA,N_A,-0.006102,0.03683,0.02229,0.03238,0.03489,-0.003157,0.01738,0.005428
O_DA,N_a_A,0.001347,-0.003432,0.006915,0.02756,0.05881,0.0681,0.02609,-0.003902
O_DA,O_A,0.1422,0.09421,0.1029,0.01589,-0.02566,-0.007413,0.01114,-0.0391
O_DA,O_a_A,0.004027,-0.002372,-0.0201,0.01209,0.009116,0.008441,0.02477,0.03105
O_DA,On_A,-0.08522,-0.03758,-0.07931,-0.04926,-0.1278,-0.06729,-0.05869,-0.1282
O_DA,O_SP2_A,0.1541,0.1713,0.1949,0.1641,0.1134,0.009981,0.01291,0.07718
O_DA,O_AMID,0.0209,0.02215,0.02703,0.04841,-0.02383,-0.1748,-0.2709,-0.3199
O_DA,O_CAR,0.06962,-0.0149,-0.04084,-0.03952,-0.06327,-0.04344,0.005515,0.0008263
O_DA,O_ALD,0.186,0.2507,0.4295,0.6572,0.8166,0.7153,0.4553,0.2359
O_DA,N,0.02786,-0.01308,-0.05616,-0.09599,-0.05917,-0.02582,-0.08687,-0.1041
O_DA,Np,-0.0002686,0.03607,0.03339,-0.00389,-0.01156,0.01985,0.04746,0.0334
O_DA,N_SP,0.01131,0.007759,0.03191,-0.02649,0.01336,-0.00662,-0.0009593,-0.02507
O_DA,O,-0.003027,-0.00979,-0.01811,0.008409,0.01295,-0.02032,0.004421,0.01489
O_DA,On,-0.004234,0.01473,-1.124e-06,-0.01958,0.003168,-0.003627,-0.0006548,-0.02202
O_DA,S,-0.006807,-0.01677,-0.06154,-0.1319,-0.1829,-0.08345,0.04148,0.08851
O_DA,S_a,-0.0147,-0.02986,-0.01233,-0.01025,0.0153,0.01148,0.003434,0.006186
O_DA,S_H,0.03721,0.04091,0.01416,-0.08585,-0.1055,-0.02293,-0.02395,-0.1081
O_DA,P,-0.02776,-0.02461,-0.02616,-0.02018,-0.007303,-0.006239,-0.03676,-0.04446
O_DA,U,-0.03392,-0.0226,-0.04858,-0.04551,0.0973,0.07398,-0.06078,-0.1357
O_ba_DA,H,0.07708,-0.005368,-0.08856,-0.001159,0.01436,-0.06181,-0.1103,-0.1778
O_ba_DA,H_N,-0.109,-0.03294,-0.0158,-0.08158,-0.1352,-0.02919,0.05691,-0.04008
O_ba_DA,H_O,-0.048,0.01181,0.02115,0.05273,0.0757,0.009626,-0.06304,-0.06644
O_ba_DA,H_S,0.07643,0.06766,0.07719,0.03594,0.02588,-0.03599,-0.08447,-0.04966
O_ba_DA,H_ba,0.04464,-0.0293,-0.0001228,0.009969,-0.01242,-0.07134,-0.06951,-0.1086
O_ba_DA,C,0.1258,0.05647,0.02366,-0.04616,-0.03658,0.0397,0.03048,-0.04149
O_ba_DA,C_a,0.1048,0.08704,0.08314,0.06419,-0.02468,-0.009503,-0.003423,0.00604
O_ba_DA,C_SP2,0.08809,0.1005,-0.008554,-0.05205,-0.002777,0.01237,-0.04545,-0.07228
O_ba_DA,C_SP,-0.0182,0.01404,-0.02122,0.03295,-0.01742,-0.02361,0.005134,-0.02418
O_ba_DA,F,-0.005777,0.009441,-0.004995,0.01417,0.02779,0.01949,0.007034,-0.02577
O_ba_DA,F_ba,-0.03194,0.0237,0.01469,-0.04549,-0.005783,0.02694,0.007007,-0.01133
O_ba_DA,Cl,0.05656,0.05923,0.04192,0.03458,0.03781,0.04725,-0.025,-0.008009
O_ba_DA,Cl_ba,-0.006365,0.000731,-0.008188,0.02437,0.006265,0.01899,-0.009468,0.02324
O_ba_DA,Br,0.02744,0.03556,0.02663,-0.008844,0.007424,0.005322,0.02541,0.09008
O_ba_DA,Br_ba,-0.01687,0.005892,-0.02223,-0.03236,-0.0386,-0.008091,-0.01224,0.004528
O_ba_DA,I,-0.005965,0.04831,0.001877,0.05784,0.006736,-0.03339,-0.08019,-0.05453
O_ba_DA,I_ba,-0.02222,-0.03035,-0.001119,-0.04056,-0.0442,0.0154,-0.001597,0.04452
O_ba_DA,N_D,0.05727,0.03599,0.01538,0.01512,0.05199,0.01575,0.03448,0.02595
O_ba_DA,N_a_D,0.02399,-0.001134,0.04148,0.03111,0.03276,0.04393,0.01779,0.06559
O_ba_DA,N_ba_D,0.1465,0.1821,0.1814,0.105,-0.05962,-0.1215,0.08783,0.1937
O_ba_DA,Np_D,0.05459,-0.03263,-0.1039,-0.2234,-0.0663,0.3163,0.535,0.3946
O_ba_DA,N_SP2_D,0.0163,-0.005169,-0.02347,0.06859,0.04953,0.03828,0.02728,-0.01246
O_ba_DA,N_AMID_D,0.08004,0.03634,-0.02159,-0.02009,-0.1545,-0.1224,-0.205,-0.2025
O_ba_DA,Np_RES_D,0.2096,0.08683,0.05785,0.0849,0.01918,-0.005158,-0.1298,-0.122
O_ba_DA,N_DA,-0.03961,-0.02321,-0.004628,0.01202,0.0004822,-0.005496,0.009904,-0.02322
O_ba_DA,N_a_DA,0.04611,-0.03954,0.02948,0.02359,-0.01375,-0.05415,-0.02129,-0.0205
O_ba_DA,O_DA,-0.04481,0.00745,0.0725,0.1074,0.03612,-0.03678,-0.04636,0.0009592
O_ba_DA,O_ba_DA,-0.1657,-0.1536,-0.1978,-0.01344,0.145,0.1423,-0.008544,-0.05903
O_ba_DA,Met_DA,-0.104,-0.1086,-0.1777,-0.2009,-0.03169,-0.003835,0.1514,0.2415
O_ba_DA,N_A,-0.01866,-0.0046,0.004799,-0.00521,0.04491,0.02808,0.009304,-0.01767
O_ba_DA,N_a_A,0.09795,0.0438,0.0382,-0.003494,-0.02706,-0.06151,-0.02924,-0.02057
O_ba_DA,O_A,0.1858,0.1262,0.03513,-0.01747,-0.07211,-0.1257,-0.03261,-0.03887
O_ba_DA,O_a_A,-0.006403,-0.01192,-0.02398,0.005436,-0.01738,0.0245,0.006786,-0.02778
O_ba_DA,On_A,-0.1248,-0.09538,-0.1176,-0.04726,-0.03285,-0.1032,-0.1738,-0.1887
O_ba_DA,O_SP2_A,0.0807,0.1185,0.08618,-0.009377,-0.08725,-0.1618,-0.1159,0.02479
O_ba_DA,O_AMID,0.08172,0.08315,0.05468,0.04152,-0.05431,-0.07243,-0.1678,-0.2532
O_ba_DA,O_CAR,0.0453,0.02638,0.02383,0.000409,-0.0237,-0.01306,0.03421,-0.02316
O_ba_DA,O_ALD,0.1366,0.2111,0.3403,0.6284,0.7504,0.7025,0.4086,0.2285
O_ba_DA,N,0.05083,-0.01901,-0.05859,-0.01966,-0.02563,0.04213,-0.00923,-0.02833
O_ba_DA,Np,0.009419,0.03765,0.006354,0.005385,0.02061,0.05322,0.06033,0.05096
O_ba_DA,N_SP,0.01918,-0.02499,0.02632,0.009225,0.03371,0.01219,0.0152,0.006138
O_ba_DA,O,0.01297,0.01838,-0.01981,0.01029,-0.0002996,-0.02617,0.03756,0.003761
O_ba_DA,On,-0.008237,0.004569,-0.01699,-0.05159,-0.01838,0.02403,-0.01608,-0.016
O_ba_DA,S,0.1069,0.127,0.1499,0.13,-0.04834,-0.09554,-0.02207,0.04541
O_ba_DA,S_a,-0.01798,0.01053,-0.02462,0.01332,-0.02477,0.004189,-0.004468,0.02225
O_ba_DA,S_H,0.09751,0.1274,0.09969,0.04301,-0.009492,-0.1129,-0.08358,-0.0002371
O_ba_DA,P,0.08068,0.09933,0.1559,0.1348,0.1005,-0.01001,-0.0836,0.01374
O_ba_DA,U,0.07227,0.05826,0.007665,0.02521,0.04645,0.005301,-0.0006556,-0.001179
Met_DA,H,0.008044,0.009303,0.001717,-0.005397,-0.001049,0.002841,-0.01106,-0.01507
Met_DA,H_N,-0.0004512,-0.006243,-0.006963,0.009738,0.001523,-0.002237,-0.006921,-0.01958
Met_DA,H_O,0.004696,-0.003212,-0.000791,0.005216,-0.003708,-0.005335,-0.005504,-0.01135
Met_DA,H_S,0.001059,0.006081,0.0001271,-0.00468,0.01156,0.01922,-0.01575,-0.02483
Met_DA,H_ba,0.0007091,-0.01264,-0.002705,0.005499,-0.005439,-0.003226,0.002247,-0.007888
Met_DA,C,-0.003074,0.006456,0.00384,-0.001295,0.003177,0.007249,0.005219,-0.009347
Met_DA,C_a,0.0051,0.0109,0.004812,0.002115,-0.006533,0.003722,-0.001741,-0.01716
Met_DA,C_SP2,0.008739,0.002254,-0.005172,0.003126,0.01315,0.02916,0.006504,-0.01341
Met_DA,C_SP,-0.009615,-0.003192,-0.002673,-0.003824,0.009282,0.01285,0.00323,-0.01414
Met_DA,F,0.001842,-0.01215,0.007831,0.000139,0.0007201,-7.251e-05,-0.01764,-0.002996
Met_DA,F_ba,0.002826,-0.005848,-0.009752,0.0006457,0.006493,-0.009577,0.003554,-0.01427
Met_DA,Cl,-0.002538,0.0004759,-0.01923,0.004637,0.005166,0.002087,-0.008684,0.001258
Met_DA,Cl_ba,0.00405,0.0001209,-0.008132,-0.0001214,0.006096,-0.01313,-0.002574,-0.0006621
Met_DA,Br,0.005011,-0.008091,0.009215,0.001164,0.006587,-0.01234,-0.002271,-0.00459
Met_DA,Br_ba,-0.002223,0.000308,0.002607,0.003103,-0.005581,-0.007227,-0.009332,0.01096
Met_DA,I,-0.004098,-0.005389,-0.002524,0.0089,0.0112,-0.01441,0.007315,-0.00129
Met_DA,I_ba,0.00409,0.003565,-0.00499,0.004918,-0.001973,0.002315,0.002547,-0.007732
Met_DA,N_D,0.01055,-0.002931,0.003498,-0.001062,0.006733,0.001524,0.01207,0.002161
Met_DA,N_a_D,0.0009985,0.002554,-0.02135,-0.005497,0.003512,0.01376,-0.01907,-0.01162
Met_DA,N_ba_D,0.01864,0.0202,0.007082,0.003241,-0.007618,-0.01832,-0.007116,0.003488
Met_DA,Np_D,0.01073,0.007234,-0.01093,-0.005068,0.009,0.03175,0.05935,0.03482
Met_DA,N_SP2_D,0.004437,-0.01188,0.004032,0.01226,-0.0151,0.008303,0.0001053,0.01065
Met_DA,N_AMID_D,0.01113,0.01357,0.003794,-0.01842,-0.002505,-0.01143,-0.02314,-0.02993
Met_DA,Np_RES_D,0.02011,0.003566,0.003125,-0.00777,0.005413,-0.00173,-0.0144,-0.01496
Met_DA,N_DA,-0.002628,-0.01325,-0.001343,-0.01213,-0.006104,-0.004451,-0.005785,-0.006642
Met_DA,N_a_DA,0.008339,-0.007283,-0.002479,-0.001062,-1.311e-05,8.718e-05,-0.01892,-0.01704
Met_DA,O_DA,0.004074,0.007433,0.0003094,-0.003763,0.01235,-0.0005542,-0.008746,-0.009543
Met_DA,O_ba_DA,0.006013,-0.008138,0.002725,0.006166,0.007895,-0.006954,-0.001637,-0.002419
Met_DA,Met_DA,0.002246,-0.01306,-0.01442,-0.02266,-0.034,-0.005124,0.02031,0.01949
Met_DA,N_A,0.00651,0.002849,-0.002065,0.004378,-0.005023,0.007666,-0.009868,0.01501
Met_DA,N_a_A,-0.007419,0.005262,0.003059,0.007386,-0.006248,0.00875,-0.003511,0.003867
Met_DA,O_A,0.01631,0.017,0.007456,-0.003302,-0.004242,-0.009605,-0.00301,-0.004786
Met_DA,O_a_A,-0.0003074,-0.0003108,-0.005063,-0.005944,0.0008985,-0.001708,-0.001462,-0.007166
Met_DA,On_A,0.005298,-0.001818,0.005027,0.002657,0.006632,0.003111,-0.01575,-0.03285
Met_DA,O_SP2_A,0.01181,0.01602,0.01701,0.01776,0.01658,-0.009016,-0.01006,4.822e-05
Met_DA,O_AMID,0.005888,-0.004758,0.008486,0.01327,0.01,-0.02037,-0.01421,-0.02432
Met_DA,O_CAR,0.006859,-0.007227,-0.002066,-0.01619,-0.01446,-0.004667,-0.01329,-0.01884
Met_DA,O_ALD,0.02171,0.04326,0.05999,0.09152,0.1109,0.09098,0.04568,0.02843
Met_DA,N,0.002155,-0.006831,0.002715,0.001088,0.001907,-0.0138,-0.01156,0.003557
Met_DA,Np,0.002772,0.007278,0.008337,0.001518,0.006795,0.01377,0.01645,0.00997
Met_DA,N_SP,0.004569,0.0008232,-0.01203,-1.721e-06,0.001417,-0.00677,-0.01188,-0.006907
Met_DA,O,-0.01157,-0.006802,0.002857,-0.002398,-0.001992,0.005502,-0.001432,-0.004035
Met_DA,On,-0.002571,-0.006536,0.003118,0.002924,-0.007459,0.004019,0.003393,-0.001916
Met_DA,S,0.01208,-0.005084,-0.006087,-0.002954,0.01171,0.008476,-0.01081,-0.009295
Met_DA,S_a,-0.007188,-0.01071,-0.00939,0.004437,-0.005559,0.005921,-0.01109,0.0006336
Met_DA,S_H,0.01253,0.01119,-0.01042,0.000193,0.003335,0.0007831,-0.01624,-0.00667
Met_DA,P,0.01095,0.01056,0.02877,0.01956,0.01148,0.02152,0.0006799,0.0003664
Met_DA,U,0.006568,0.006546,-0.002709,-0.002446,0.0003722,0.003691,0.002332,-0.007151
N_A,H,0.02954,-0.03249,-0.04693,-0.05646,-0.01159,-0.04901,-0.0958,-0.06376
N_A,H_N,-0.06025,-0.06573,0.08262,0.07282,0.06788,-0.0005255,0.05114,0.1079
N_A,H_O,-0.03116,-0.00347,0.04893,0.008475,-0.02062,-0.07154,-0.1816,-0.158
N_A,H_S,-0.01434,0.03072,0.1046,0.04331,0.07875,-0.003742,-0.07909,-0.0894
N_A,H_ba,0.06855,0.003121,-0.009074,-0.01807,-0.04177,-0.1023,-0.02547,-0.01172
N_A,C,-0.004315,0.04248,-0.0407,-0.07327,-0.09213,-0.04523,0.0253,0.02222
N_A,C_a,-0.005247,-0.04409,-0.05867,-0.08838,-0.09916,-0.06339,-0.03332,0.03243
N_A,C_SP2,0.00454,-0.07518,-0.1701,-0.1373,-0.006379,0.1292,0.02655,-0.0443
N_A,C_SP,0.01264,-0.03445,0.006633,3.955e-06,0.009493,0.0297,0.01306,-0.04782
N_A,F,-0.01313,0.0187,-0.05851,-0.02611,0.02849,0.05028,-0.02028,-0.02046
N_A,F_ba,0.005017,0.007188,-0.01746,0.05056,0.008942,0.02581,-0.02957,-0.03622
N_A,Cl,0.01002,0.0588,0.05931,-0.003503,0.005817,0.04245,0.04273,0.03241
N_A,Cl_ba,-0.02917,0.003617,-0.03294,0.04106,-0.002162,-0.02019,-0.01883,-0.02317
N_A,Br,-0.005714,0.0276,0.006796,0.03226,0.0335,0.01626,0.05476,0.07825
N_A,Br_ba,0.01158,-0.01247,-0.01276,-0.04555,-0.01134,0.01855,-0.008129,-0.005809
N_A,I,0.0121,0.006828,0.03883,0.05446,0.03406,-0.03662,-0.02558,0.03714
N_A,I_ba,-0.01776,0.03961,-0.01554,-0.004523,-0.01819,-0.009827,0.01625,-0.02391
N_A,N_D,-0.002237,-0.007787,-0.02353,0.0506,0.05036,0.06206,-0.005307,0.08797
N_A,N_a_D,0.09647,0.1002,0.1277,0.07308,0.09793,0.06248,0.0531,0.07859
N_A,N_ba_D,0.07329,0.04056,-0.009157,-0.0719,-0.1066,-0.07488,0.009666,0.06672
N_A,Np_D,0.2054,0.22,0.1441,0.02281,0.04746,0.2692,0.4647,0.3629
N_A,N_SP2_D,-0.03741,0.01076,0.01437,0.03002,0.01502,0.02596,0.008448,0.0439
N_A,N_AMID_D,0.0366,-0.05388,-0.1417,-0.1411,-0.08576,-0.08273,-0.1101,-0.1088
N_A,Np_RES_D,0.05497,0.07646,0.07245,0.0424,0.006211,-0.0272,-0.0989,-0.00533
N_A,N_DA,0.005698,-0.01547,0.02965,-0.008716,-0.007793,-0.01596,0.02378,-0.02282
N_A,N_a_DA,-0.01056,0.006112,-0.0187,-0.04056,-0.01943,-0.1457,-0.2202,-0.09436
N_A,O_DA,-0.01737,-0.02185,0.001028,-0.05555,-0.03574,-0.0479,-0.006046,0.008141
N_A,O_ba_DA,0.08337,0.1161,0.1515,0.1811,0.08863,-0.04709,-0.1566,-0.1487
N_A,Met_DA,0.003689,0.005775,0.01416,0.0971,0.1584,0.1086,0.1649,0.2055
N_A,N_A,-0.0195,0.008324,0.008574,0.0176,0.03706,-0.006495,0.01692,0.001931
N_A,N_a_A,-0.09816,-0.02982,-0.05646,-0.05547,-0.08724,-0.1197,-0.02201,0.002353
N_A,O_A,-0.002951,-0.05144,-0.06314,-0.09811,-0.07077,-0.08231,-0.01616,-0.05296
N_A,O_a_A,0.0303,-0.01423,0.004172,-0.01274,0.01986,-0.0229,-0.02523,0.03431
N_A,On_A,-0.04482,-0.1038,-0.1607,-0.1681,-0.0351,0.03612,0.05249,0.0502
N_A,O_SP2_A,0.07073,0.06069,0.03942,0.1146,0.06097,0.01056,0.0363,0.05002
N_A,O_AMID,-0.01524,-0.04273,-0.0907,-0.02272,-0.00747,-0.04234,-0.08582,-0.09085
N_A,O_CAR,-0.06091,-0.06585,-0.08954,-0.09176,-0.08336,-0.08815,-0.03345,-0.01975
N_A,O_ALD,0.1118,0.1842,0.2838,0.4765,0.5838,0.5396,0.3678,0.2533
N_A,N,0.05028,0.1386,0.1357,0.1105,0.1184,0.06696,0.01318,0.005705
N_A,Np,-0.06022,0.02386,-0.001922,0.003881,0.04731,0.08437,0.07292,0.0226
N_A,N_SP,0.03685,0.01444,0.003276,-0.01153,0.01314,0.02704,-0.02091,-0.01589
N_A,O,0.006314,0.004574,0.01593,0.01245,-0.008627,-0.001701,0.01245,0.01742
N_A,On,0.01284,-0.005492,0.002398,-0.02009,-0.01408,-0.001878,0.009523,-0.02509
N_A,S,0.09044,0.09816,0.05625,0.07886,0.03554,-0.04551,-0.05536,-0.06516
N_A,S_a,-0.00648,-0.002125,0.002113,0.04698,0.001606,-0.02621,0.01338,-0.02462
N_A,S_H,-0.09269,-0.005152,-0.006297,0.09552,0.04715,-0.05117,-0.1496,-0.1771
N_A,P,-0.02384,0.02731,-0.01465,-0.04041,-0.02706,-0.02512,-0.03845,-0.05565
N_A,U,0.005433,0.02318,0.01866,0.02362,0.03001,0.04291,0.01309,-0.008625
N_a_A,H,0.06476,-0.04272,-0.03416,0.05776,0.08829,-0.07732,-0.1401,0.04428
N_a_A,H_N,-0.1505,-0.02981,0.07269,0.09991,0.03619,0.1269,0.1905,0.0917
N_a_A,H_O,-0.05389,0.03366,0.07533,0.0004617,-0.01423,-0.03562,-0.03598,-0.02782
N_a_A,H_S,0.08421,0.01675,-0.1093,-0.1758,-0.1695,-0.06692,0.01031,-0.02769
N_a_A,H_ba,0.06795,0.02272,0.0394,-0.02189,-0.08819,-0.07954,-0.06057,0.01677
N_a_A,C,0.07064,0.01846,-0.1046,-0.1499,-0.1169,-0.1014,0.06312,0.1232
N_a_A,C_a,0.1766,0.07939,-0.005465,-0.1481,-0.1167,-0.06437,0.07887,0.08018
N_a_A,C_SP2,0.01327,0.01171,-0.05561,-0.06759,0.01009,-0.06373,-0.0977,0.004071
N_a_A,C_SP,0.01755,-0.003128,-0.02726,0.0001117,0.02924,-0.01247,-0.03352,-0.03355
N_a_A,F,0.008228,-0.00405,-0.04271,-0.02031,-0.0105,0.01242,0.1127,0.1193
N_a_A,F_ba,0.01989,-0.02737,-0.0287,-0.03305,-0.0175,-0.009408,-0.01577,0.006675
N_a_A,Cl,-0.01091,0.04946,0.07127,0.1178,0.1139,0.04854,0.03238,0.004889
N_a_A,Cl_ba,-0.03028,-0.02387,0.0176,-0.02999,-0.02009,0.04324,0.006386,-0.02469
N_a_A,Br,0.04146,0.1222,0.08725,0.09438,0.01405,-0.1496,-0.07351,0.0936
N_a_A,Br_ba,-0.04111,-0.0412,0.01774,0.006497,-0.009952,0.001054,-0.009078,0.01845
N_a_A,I,0.08733,0.1317,0.08213,0.05933,0.05812,0.09016,0.06601,0.09214
N_a_A,I_ba,-0.00662,-0.04358,0.0006953,0.004291,-0.04186,-0.01819,0.01212,0.005831
N_a_A,N_D,0.02642,0.0215,0.03997,-0.04716,0.02157,-0.01848,0.05435,0.0514
N_a_A,N_a_D,0.0425,0.0173,0.03357,-0.007962,0.0127,0.1729,0.2515,0.2388
N_a_A,N_ba_D,0.02707,0.04067,-0.09014,-0.1867,-0.159,-0.03743,0.0798,0.1087
N_a_A,Np_D,0.2602,0.1857,0.0745,-0.06591,0.03879,0.1716,0.3925,0.3545
N_a_A,N_SP2_D,0.03148,-0.02658,0.01304,0.02764,0.0263,0.02692,0.0313,0.01569
N_a_A,N_AMID_D,0.1989,0.02555,-0.04027,-0.02379,-0.05895,-0.07712,-0.0891,-0.1778
N_a_A,Np_RES_D,0.2165,0.0303,-0.04076,-0.08452,0.006118,-0.05147,-0.3013,-0.2607
N_a_A,N_DA,0.005169,0.02057,-0.001202,0.04302,-0.008072,-0.02702,-0.0404,-0.02874
N_a_A,N_a_DA,0.221,0.1811,0.05451,0.063,0.02373,0.1401,-0.01983,-0.1871
N_a_A,O_DA,-0.0376,0.004595,0.06006,0.09006,0.06258,0.08748,0.05725,0.05274
N_a_A,O_ba_DA,-0.06104,-0.05145,0.03414,0.1209,0.03848,-0.1121,-0.1489,-0.1654
N_a_A,Met_DA,-0.3016,-0.3018,-0.216,0.1418,0.3411,0.5918,0.8348,0.7093
N_a_A,N_A,-0.003728,-0.03187,-0.01298,0.04045,0.008423,0.007423,0.04411,-0.03251
N_a_A,N_a_A,-0.1269,-0.1468,-0.09808,-0.1423,-0.03705,0.05907,0.1276,0.09972
N_a_A,O_A,0.001305,0.01603,0.04308,0.03921,0.02981,0.0467,0.07004,0.2016
N_a_A,O_a_A,-0.02789,-0.004146,-0.04762,-0.003703,-0.01228,-0.01606,0.01221,-0.01321
N_a_A,On_A,-0.2059,-0.2278,-0.1747,-0.005465,0.07366,0.009558,-0.1224,-0.09637
N_a_A,O_SP2_A,0.01899,0.1004,0.05629,0.0376,0.1262,0.1446,0.1343,0.1361
N_a_A,O_AMID,0.156,0.1502,-0.01538,-0.06892,0.002798,-0.02873,-0.2894,-0.2322
N_a_A,O_CAR,-0.05044,-0.1266,-0.09153,-0.09974,-0.1723,-0.3245,-0.1118,0.1403
N_a_A,O_ALD,0.2093,0.2614,0.3605,0.5861,0.7955,0.5879,0.2302,0.02325
N_a_A,N,-0.08782,0.04659,0.1118,0.1399,0.07747,-0.1299,-0.1483,-0.1115
N_a_A,Np,-0.03124,0.002796,0.02297,0.01834,0.06606,0.1212,0.06656,0.03018
N_a_A,N_SP,-0.01733,-0.00327,0.02073,-0.00976,0.005397,-0.02417,-0.0364,0.004864
N_a_A,O,-0.04333,-0.005219,-0.01033,-0.03065,0.01945,0.005863,-0.02137,0.005335
N_a_A,On,0.001282,-0.01593,0.03074,-0.02887,-0.008422,-0.01507,-0.005755,0.01324
N_a_A,S,0.155,0.1338,-0.01133,-0.1777,-0.1568,-0.02642,0.2302,0.2346
N_a_A,S_a,0.002439,0.03179,0.00783,-0.03337,-0.003006,0.02506,0.00498,-0.01221
N_a_A,S_H,0.0639,0.05487,-0.04989,-0.2226,-0.2801,-0.01641,0.02257,-0.026
N_a_A,P,0.01617,-0.03551,-0.06251,-0.1482,-0.166,-0.07905,0.08309,0.2814
N_a_A,U,0.01209,0.04094,0.01221,-0.0169,0.04967,0.001153,-0.02526,-0.005781
O_A,H,0.006257,0.01182,-0.0367,-0.01563,-0.005821,0.0758,0.002038,-0.02181
O_A,H_N,-0.039,-0.01399,-0.03838,0.01673,-0.009561,0.03554,0.05083,-0.09988
O_A,H_O,-0.01583,0.01279,0.01034,-0.02701,-0.008155,0.006898,-0.138,-0.1149
O_A,H_S,0.1055,0.01807,-0.03428,-0.07615,-0.1681,-0.155,0.05922,0.1095
O_A,H_ba,-0.06582,-0.06049,-0.04956,-0.008174,0.01531,0.01402,-0.02187,-0.06972
O_A,C,0.07471,0.01188,-0.09548,-0.1281,-0.03377,0.004811,-0.005224,0.00897
O_A,C_a,0.1884,0.1266,0.1,-0.009856,-0.01877,-0.05715,0.01475,0.02321
O_A,C_SP2,-0.04149,-0.07946,-0.07901,-0.01071,0.09967,0.06969,0.0677,0.002482
O_A,C_SP,0.01781,-0.02737,0.017,0.005455,-0.001968,0.01006,-0.01092,0.02198
O_A,F,0.05278,0.02553,0.08414,0.057,-0.05942,-0.07554,-0.00649,0.07654
O_A,F_ba,-0.04858,0.001238,0.007008,-0.054,-0.03585,0.0006605,-0.001293,0.0343
O_A,Cl,-0.006146,0.03144,0.01109,-0.0495,0.01137,0.05504,0.06011,-0.0261
O_A,Cl_ba,-0.02562,0.01794,-0.01791,0.03631,0.02366,0.04957,0.02931,0.04547
O_A,Br,0.03691,-0.007475,0.0198,0.01102,0.05057,0.04872,0.1085,0.1213
O_A,Br_ba,0.02919,-0.0006119,-0.01283,0.005833,-0.007371,-0.05724,0.04754,0.01274
O_A,I,-0.006603,-0.004052,-0.001549,-0.0002579,-0.001494,0.008069,0.04301,0.01878
O_A,I_ba,0.005812,0.009426,-0.006333,0.02232,0.002745,0.02876,0.01145,0.03561
O_A,N_D,0.03742,0.1037,0.1244,0.0544,0.1079,-0.01563,-0.1634,-0.08142
O_A,N_a_D,0.195,0.1278,0.1334,0.0718,0.04035,-0.08106,-0.1432,-0.09866
O_A,N_ba_D,0.03873,0.08572,0.06612,0.03758,-0.06535,-0.02728,0.09039,0.1015
O_A,Np_D,0.1015,0.04792,-0.1017,-0.2014,-0.04845,0.2313,0.3872,0.3407
O_A,N_SP2_D,0.01994,0.009289,-0.03065,-0.04065,0.02156,0.03912,0.001591,-0.04487
O_A,N_AMID_D,0.1678,0.146,0.07715,-0.03634,-0.03599,-0.1375,-0.1355,0.002615
O_A,Np_RES_D,0.1462,0.09383,0.02633,-0.06459,-0.02528,-0.06445,-0.1184,-0.05093
O_A,N_DA,0.003932,0.009198,0.01551,0.04366,0.0327,0.0556,0.01426,-0.06901
O_A,N_a_DA,0.008349,-0.02703,-0.05429,-0.04275,0.03372,0.05758,0.1566,0.2394
O_A,O_DA,0.1838,0.1327,0.01099,-0.02984,0.09202,0.166,0.008662,-0.117
O_A,O_ba_DA,0.02229,0.005451,-0.1275,-0.2559,-0.2664,-0.1703,0.01282,0.04401
O_A,Met_DA,0.0008952,-0.05972,-0.1308,-0.2347,0.1151,0.2641,-0.02111,0.1253
O_A,N_A,0.001244,0.02596,-0.009284,0.009611,0.06522,-0.03258,-0.009919,-0.02634
O_A,N_a_A,0.0155,0.01154,-0.00094,-0.07831,-0.1956,-0.1944,-0.132,-0.1028
O_A,O_A,0.1354,0.1479,0.06032,-0.1721,-0.4512,-0.4405,0.03754,0.2946
O_A,O_a_A,0.02464,0.03101,0.02403,-0.01964,0.02871,-0.004258,0.02718,0.01852
O_A,On_A,0.02684,-0.003259,0.03908,0.1291,0.1627,0.1177,0.1231,0.009754
O_A,O_SP2_A,0.02638,0.005268,0.06867,0.09901,0.1271,0.008457,-0.225,-0.2044
O_A,O_AMID,0.239,0.1555,0.002621,-0.07528,-0.08164,-0.1251,-0.1096,-0.146
O_A,O_CAR,0.06723,0.05194,0.02026,-0.01818,-0.1502,-0.2313,-0.1499,0.02932
O_A,O_ALD,0.1422,0.2224,0.2031,0.3896,0.4793,0.4161,0.3251,0.1465
O_A,N,-0.05443,-0.02509,-0.06372,-0.03259,-0.05521,0.01623,0.1237,0.07905
O_A,Np,-0.00234,-0.004915,-0.04003,-0.004628,-0.00807,0.04589,-0.03443,0.0203
O_A,N_SP,-0.007346,-0.004975,-0.006522,0.008399,-0.00467,-0.05669,-0.01635,-0.01198
O_A,O,-0.009607,0.008035,0.001412,-0.01343,0.02241,0.008474,-0.000861,-0.009153
O_A,On,-0.01787,0.02955,-0.006964,0.02054,0.006911,0.0106,-0.02401,-0.03091
O_A,S,0.2115,0.2422,0.2392,0.2221,0.08133,0.1192,0.03371,-0.07455
O_A,S_a,-0.02872,0.05087,0.009482,-0.02026,0.01479,-0.003695,0.01863,-0.02814
O_A,S_H,0.08224,0.1442,0.07768,-0.045,-0.2268,-0.2046,0.02397,0.09287
O_A,P,0.1018,0.1332,0.1333,0.06443,0.05803,0.09168,-0.07239,-0.147
O_A,U,0.05468,0.1079,0.07393,0.004093,-0.03513,-0.1148,0.05251,0.1117
O_a_A,H,0.0046,0.01494,-0.008063,-0.03836,-0.04431,-0.06649,-0.06419,-0.03323
O_a_A,H_N,-0.05752,-0.007225,0.003142,-0.01541,-0.03609,0.0093,0.01193,-0.04675
O_a_A,H_O,0.00239,0.03227,0.02379,0.0274,0.002083,-0.02428,-0.06271,-0.06164
O_a_A,H_S,0.01034,0.007851,-0.005143,-0.03426,-0.05389,-0.03072,-0.03834,-0.04048
O_a_A,H_ba,-0.01243,-0.04038,-0.0598,-0.06973,-0.01481,-0.02044,-0.02198,-0.04644
O_a_A,C,0.03895,0.0336,0.003986,-0.0503,-0.01589,-0.009541,0.01723,-0.02355
O_a_A,C_a,0.03323,0.001275,-0.0497,-0.07301,-0.03327,0.00992,-0.001652,-0.01552
O_a_A,C_SP2,0.01245,0.001977,-0.04566,0.003641,0.08558,0.08982,0.01766,-0.0554
O_a_A,C_SP,0.003929,0.002492,-0.01124,-0.002155,-0.004064,0.01811,-0.001693,0.0007466
O_a_A,F,0.001527,-0.01683,-0.008836,-0.003806,0.01376,0.0004956,-0.02556,-0.03734
O_a_A,F_ba,0.0006298,0.01693,-0.01599,0.005913,-0.01693,0.004516,-0.006008,-0.01082
O_a_A,Cl,-0.01001,0.0006677,-0.00461,-0.00441,0.0121,0.04382,0.02894,-0.00338
O_a_A,Cl_ba,-0.01563,0.006481,0.0111,-0.01765,0.01032,0.02113,0.01785,0.01046
O_a_A,Br,-0.02425,-0.007694,-0.01175,0.003771,-0.00104,0.01765,0.02416,0.04712
O_a_A,Br_ba,-0.003778,0.01566,-0.007787,-0.001913,0.002103,-0.01038,-0.001316,-0.01512
O_a_A,I,-0.009022,-0.007797,0.02033,-0.0062,-0.01797,-0.02032,-0.006252,0.01149
O_a_A,I_ba,0.00319,-0.00196,-0.03762,-0.002389,0.005427,0.00523,0.01816,-0.0007258
O_a_A,N_D,-0.0008594,-0.009895,0.02021,0.0145,-0.003883,0.02461,0.01655,0.004267
O_a_A,N_a_D,0.0716,0.03609,0.03715,0.01628,0.0142,-0.009871,0.002144,0.02208
O_a_A,N_ba_D,0.07165,0.03484,0.01574,0.004652,-0.01924,-0.02363,0.01062,0.03208
O_a_A,Np_D,0.07203,0.02185,0.03378,-0.04436,-0.02848,0.1467,0.2257,0.2002
O_a_A,N_SP2_D,-0.006793,0.01639,-0.005444,-0.008248,0.01265,-0.00198,0.01984,0.01856
O_a_A,N_AMID_D,0.03912,-0.01453,-0.04549,-0.05212,0.006484,-0.00658,-0.06196,-0.1098
O_a_A,Np_RES_D,0.04479,0.0332,0.006313,-0.008347,-0.03646,0.007997,-0.03622,-0.02508
O_a_A,N_DA,-0.03656,-0.0006567,0.001326,0.005884,-0.0144,0.02003,-0.007806,0.002976
O_a_A,N_a_DA,0.02444,0.008284,0.01408,0.01766,0.0057,0.005031,-0.06799,-0.04459
O_a_A,O_DA,-0.004774,0.02592,0.03407,0.0101,0.03335,0.003679,-0.04105,-0.06084
O_a_A,O_ba_DA,0.02685,0.04821,0.02576,0.037,0.00277,-0.04166,-0.08935,-0.07391
O_a_A,Met_DA,-0.03064,-0.06402,0.004375,-0.001801,0.04678,0.02771,0.05949,0.1102
O_a_A,N_A,-0.006593,0.01142,0.01757,0.005167,0.0266,0.02035,-0.007544,0.01002
O_a_A,N_a_A,-0.007388,0.0005345,-0.0245,-0.004282,0.01058,-0.05358,-0.01181,0.01244
O_a_A,O_A,0.0276,-0.003964,-0.003875,-0.03168,-0.04761,-0.0573,-0.01557,-0.006338
O_a_A,O_a_A,-0.01449,0.0002095,0.002604,-0.01142,0.003697,0.0112,-0.01316,0.0005711
O_a_A,On_A,0.01528,0.03856,0.0293,0.05985,0.05481,0.006027,-0.02256,-0.07451
O_a_A,O_SP2_A,0.05143,0.05317,0.07222,0.05924,0.03365,-0.00761,-0.01939,0.002153
O_a_A,O_AMID,0.08469,0.05074,0.04039,0.005855,-0.01352,-0.0322,-0.07844,-0.08812
O_a_A,O_CAR,0.03687,-0.01814,-0.01404,-0.03442,-0.04717,-0.02626,0.009699,0.02065
O_a_A,O_ALD,0.09441,0.1108,0.1935,0.2936,0.4086,0.3605,0.2687,0.1388
O_a_A,N,0.002823,-0.02429,-0.0002558,-0.003944,0.007503,0.02673,0.02972,0.06224
O_a_A,Np,0.007403,-0.02139,0.01546,-0.00578,0.001057,0.02017,0.02187,-0.007056
O_a_A,N_SP,0.01289,0.005584,0.001504,0.004486,0.01064,-0.01805,0.01724,0.001583
O_a_A,O,-0.02494,-0.002452,-0.00451,-0.01215,0.01285,-0.0008939,0.005523,0.01166
O_a_A,On,-0.002973,-0.009516,-0.006052,0.01901,0.01218,0.0006497,-0.00157,0.01609
O_a_A,S,0.04205,0.03603,0.03019,-0.02699,-0.03873,-0.001247,-0.01368,-0.007147
O_a_A,S_a,-0.01334,-0.00291,0.005699,-0.006096,-0.003828,0.00598,-0.002393,-0.01293
O_a_A,S_H,0.04416,0.04305,-0.006419,-0.07382,-0.09244,-0.06382,-0.008689,-0.03135
O_a_A,P,-0.01481,0.02162,0.03178,0.01701,-0.007163,-0.02689,-0.03683,-0.05366
O_a_A,U,-0.001137,0.01634,0.01882,0.01162,0.01881,-0.01048,-0.01438,-0.04021
On_A,H,0.002905,0.01865,0.04749,0.04939,0.04249,-0.005966,-0.1071,-0.07748
On_A,H_N,-0.0994,-0.06124,-0.06917,-0.08149,-0.07508,-0.09322,-0.04567,-0.1806
On_A,H_O,-0.02801,0.08076,-0.008111,-0.02613,0.004731,-0.09593,-0.1328,-0.1591
On_A,H_S,0.03491,0.03985,0.05366,0.1538,0.1109,-0.06815,-0.1303,-0.1654
On_A,H_ba,-0.02866,-0.05604,-0.03845,0.04482,0.008727,-0.07757,-0.1121,-0.07812
On_A,C,-0.07883,-0.005463,-0.04352,0.008437,-0.04036,0.07652,0.1272,-0.04134
On_A,C_a,0.1073,0.1226,0.03634,0.07505,9.636e-05,0.07004,0.0282,-0.05168
On_A,C_SP2,0.008464,0.008858,0.07361,0.1043,0.1032,0.1529,0.1525,-0.09335
On_A,C_SP,-0.001971,0.001335,0.0157,0.03193,0.009338,0.003042,0.02434,-0.01224
On_A,F,0.04432,0.01398,0.07679,0.09232,0.1016,0.0255,-0.07521,-0.1498
On_A,F_ba,-0.01289,0.007381,-0.02571,-0.02133,0.01119,0.009708,0.002923,0.02143
On_A,Cl,0.1308,0.188,0.1655,0.2228,0.2426,0.1118,-0.07365,-0.04754
On_A,Cl_ba,0.009635,-0.019,-0.02054,0.02362,0.03716,0.007233,0.00884,0.02811
On_A,Br,0.0568,0.07826,0.1103,0.07433,0.0589,0.07711,-0.03841,-0.001769
On_A,Br_ba,-0.03024,0.001683,-0.05148,0.004752,-0.04322,-0.03808,-0.03023,0.0007407
On_A,I,0.04914,0.06364,0.01397,-0.01958,-0.01991,0.02975,0.06045,0.1092
On_A,I_ba,-0.04228,-0.009468,-0.04811,0.001428,-0.00167,0.0157,0.001203,0.02512
On_A,N_D,0.1587,0.1111,0.1189,0.06109,0.09625,0.03431,-0.04717,-0.1312
On_A,N_a_D,0.1072,0.08402,0.03966,0.02123,-0.01681,0.05205,0.1186,0.1199
On_A,N_ba_D,0.1606,0.1171,0.09053,0.07381,0.06425,0.02272,-0.0008595,0.0408
On_A,Np_D,0.1994,0.1297,0.05752,-0.1113,-0.04934,0.2752,0.5066,0.354
On_A,N_SP2_D,-0.02794,-0.04273,-0.02546,0.02471,0.005337,0.05278,0.008639,0.05525
On_A,N_AMID_D,0.1677,0.1106,-0.03982,-0.2005,-0.1906,-0.1596,-0.2431,-0.2649
On_A,Np_RES_D,0.1887,0.1109,0.02697,-0.01783,-0.007918,-0.1242,-0.1715,-0.1814
On_A,N_DA,-0.009537,0.01153,0.005261,0.003249,-0.02603,0.03774,-0.03412,0.001081
On_A,N_a_DA,0.03301,0.05587,0.02943,0.01797,-0.0351,-0.09869,-0.1939,-0.1559
On_A,O_DA,-0.03181,-0.02611,0.02156,0.04659,0.05427,0.004415,-0.0276,-0.1437
On_A,O_ba_DA,-0.1051,-0.1011,-0.1011,-0.09217,-0.1574,-0.1207,0.04253,0.1938
On_A,Met_DA,-0.06071,-0.1735,-0.3336,-0.4901,-0.5268,-0.2877,0.2147,0.4018
On_A,N_A,0.02187,-0.003355,0.0774,0.02205,0.003271,0.02674,0.005186,0.0764
On_A,N_a_A,0.07881,0.08739,0.07705,0.06678,-0.0181,-0.00364,0.04588,0.1108
On_A,O_A,0.1477,0.1119,0.05407,-0.04054,-0.06977,-0.001967,0.02743,0.1423
On_A,O_a_A,-0.01181,0.01585,0.008939,-0.01061,0.007072,0.009049,0.01586,-0.005454
On_A,On_A,0.07665,0.02274,0.08089,0.09094,0.09936,0.01594,-0.2112,-0.3546
On_A,O_SP2_A,0.189,0.2025,0.2904,0.243,0.04028,-0.0788,-0.08842,-0.05564
On_A,O_AMID,0.04817,0.1545,0.2002,0.2204,0.0961,-0.1364,-0.3092,-0.2566
On_A,O_CAR,0.1215,0.1401,0.1122,0.05482,-0.012,-0.06079,-0.181,-0.09573
On_A,O_ALD,0.2294,0.3396,0.5187,0.868,1.238,1.098,0.703,0.3861
On_A,N,0.02092,-0.004016,-0.01678,-0.07738,-0.1173,-0.2025,-0.2444,-0.112
On_A,Np,0.03771,0.04528,0.0524,0.05489,0.01818,0.04402,0.04438,0.05034
On_A,N_SP,-0.01286,-0.004654,-0.01369,-0.03217,0.0451,0.02599,0.006297,-0.02867
On_A,O,0.01292,0.01962,-0.01975,-0.01171,0.0008053,-0.03437,0.01289,0.03256
On_A,On,0.03922,-0.02051,-0.01695,0.01608,-0.002148,-0.04537,0.01602,0.01598
On_A,S,0.159,0.201,0.2055,0.1654,0.07566,0.1121,0.06189,-0.05911
On_A,S_a,-0.004692,0.01054,-0.008298,0.0002047,0.05409,0.007172,0.02003,-0.002038
On_A,S_H,0.07612,0.07477,0.1058,0.1477,0.08645,-0.03759,-0.08682,-0.09943
On_A,P,0.2244,0.3277,0.4028,0.3761,0.3307,0.2297,0.1643,0.09105
On_A,U,0.09515,0.09196,0.04656,0.02002,-0.00193,-0.02859,-0.0197,0.006668
O_SP2_A,H,0.01408,-0.0141,0.01672,0.03739,0.005616,-0.04582,-0.1212,-0.0538
O_SP2_A,H_N,-0.07268,-0.06796,0.0006761,-0.02014,-0.06096,-0.03399,-0.04842,-0.1703
O_SP2_A,H_O,-0.03345,0.02621,0.03954,0.03841,0.01972,-0.052,-0.1024,-0.09758
O_SP2_A,H_S,0.0422,0.0725,-0.002742,0.08481,0.08285,0.01845,-0.0632,-0.1104
O_SP2_A,H_ba,-0.02677,-0.01923,-0.03377,-0.01117,-0.05368,-0.04511,-0.03814,-0.1053
O_SP2_A,C,-0.008023,0.009966,-0.0302,-0.01897,-0.03506,0.06121,0.07879,-0.05922
O_SP2_A,C_a,0.141,0.1465,0.05613,0.02575,-0.0321,0.04533,0.04825,-0.05111
O_SP2_A,C_SP2,-0.007698,-0.02655,0.01005,0.01177,0.09753,0.1985,0.121,-0.02932
O_SP2_A,C_SP,0.01097,-0.03029,0.01608,0.04475,-0.0024,-0.01508,0.02546,-0.02357
O_SP2_A,F,0.01047,0.01537,0.0634,0.05132,0.09087,0.02104,-0.03328,-0.1065
O_SP2_A,F_ba,-0.005606,-0.002213,-0.0163,-0.02099,-0.01227,0.02782,-0.01299,-0.00838
O_SP2_A,Cl,0.09649,0.122,0.08917,0.1124,0.08433,0.003132,-0.08328,-0.03236
O_SP2_A,Cl_ba,0.00709,-0.009246,-0.01101,0.001781,0.03225,0.002656,0.00781,-0.006612
O_SP2_A,Br,0.02466,0.006096,0.008559,-0.01499,-0.01233,0.01719,0.01527,0.06417
O_SP2_A,Br_ba,-0.02247,0.02457,-0.0311,0.02854,-0.02221,-0.01953,0.0004768,-0.01712
O_SP2_A,I,0.03388,0.03956,0.03904,0.02619,0.0354,-0.006834,-0.01171,0.03967
O_SP2_A,I_ba,-0.01205,0.00484,-0.008585,0.009227,-0.02087,0.003637,0.03082,0.01318
O_SP2_A,N_D,0.09354,0.0595,0.04524,0.04889,0.04131,0.06486,0.05206,0.009459
O_SP2_A,N_a_D,0.02036,0.03067,-0.03474,-0.03889,-0.09759,-0.02295,-0.0336,-0.03065
O_SP2_A,N_ba_D,0.1661,0.1384,0.1157,0.09029,0.08838,0.05932,0.03104,0.05915
O_SP2_A,Np_D,0.09402,0.05197,0.03594,-0.04735,0.01882,0.2596,0.486,0.3948
O_SP2_A,N_SP2_D,-0.002742,-0.02896,0.01114,0.02093,0.04235,0.04237,-0.0009662,0.07418
O_SP2_A,N_AMID_D,0.1746,0.1129,-0.03811,-0.2223,-0.1642,-0.1024,-0.185,-0.2316
O_SP2_A,Np_RES_D,0.1759,0.09006,-0.0001297,-0.04672,0.0439,-0.007488,-0.1227,-0.1684
O_SP2_A,N_DA,0.004795,0.006284,-0.004672,0.02814,0.004564,0.02485,-0.0242,-0.01188
O_SP2_A,N_a_DA,0.08375,0.07718,0.03165,0.03635,0.03536,0.06156,-0.02416,-0.1142
O_SP2_A,O_DA,-0.01016,-0.006422,0.0142,0.03456,0.04354,-0.02206,-0.05227,-0.1395
O_SP2_A,O_ba_DA,-0.04799,-0.04832,-0.0415,0.0633,0.03697,0.01722,-0.005742,-0.001266
O_SP2_A,Met_DA,-0.09215,-0.1304,-0.2422,-0.2791,-0.3435,-0.184,0.267,0.3248
O_SP2_A,N_A,0.02025,-0.01806,0.03249,0.03299,-0.00105,0.01926,-0.04121,0.0357
O_SP2_A,N_a_A,0.05187,0.08316,0.1091,0.05652,0.03077,-0.006521,-0.02545,-0.02359
O_SP2_A,O_A,0.1531,0.1192,0.03513,-0.1061,-0.1766,-0.09768,0.0321,0.08185
O_SP2_A,O_a_A,-0.0241,0.02374,0.0003036,0.001013,0.001576,0.006565,0.02501,0.004791
O_SP2_A,On_A,0.09927,0.082,0.05753,0.1006,0.1042,-0.01439,-0.1989,-0.3474
O_SP2_A,O_SP2_A,0.1922,0.1788,0.2241,0.1574,0.003055,-0.1483,-0.1374,-0.02786
O_SP2_A,O_AMID,0.09073,0.1647,0.171,0.1723,0.052,-0.05949,-0.1649,-0.1707
O_SP2_A,O_CAR,0.1426,0.1471,0.1196,0.04638,-0.04969,-0.06717,-0.09269,-0.07881
O_SP2_A,O_ALD,0.2086,0.3126,0.4675,0.7588,1.036,0.9525,0.6137,0.3687
O_SP2_A,N,0.01543,0.01274,-0.004981,0.02655,0.04706,0.03424,-0.009065,0.01642
O_SP2_A,Np,-0.003411,0.02021,0.04187,0.0294,0.07832,0.1012,0.0851,0.08354
O_SP2_A,N_SP,-0.01763,0.00771,0.007795,0.002862,0.02854,0.01656,-0.004436,0.0007556
O_SP2_A,O,-0.01135,0.03942,-0.01027,0.01765,-0.008523,0.01334,-0.005471,-0.007175
O_SP2_A,On,0.01304,-0.005419,-0.008984,0.007159,0.01593,-0.006732,0.009467,0.007639
O_SP2_A,S,0.109,0.08267,0.04055,0.01358,0.02918,0.09013,0.05472,-0.06355
O_SP2_A,S_a,-0.003963,0.01041,-0.03294,-0.03259,0.02151,0.02924,-0.007989,-0.02653
O_SP2_A,S_H,0.08266,0.08316,0.08464,0.08746,0.03768,0.04687,0.08564,0.05683
O_SP2_A,P,0.1132,0.2275,0.2932,0.2715,0.1789,0.064,0.05842,0.06557
O_SP2_A,U,0.09575,0.08503,0.12,0.07975,0.03964,-0.009955,-0.04762,-0.06157
O_AMID,H,-0.008137,0.05008,0.01162,-0.01071,0.01217,-0.02742,-0.1231,-0.098
O_AMID,H_N,-0.07676,-0.04782,-0.008388,-0.04484,-0.05512,-0.01843,-0.0154,-0.1322
O_AMID,H_O,-0.03178,0.09753,0.09699,0.02542,0.04686,0.001734,-0.07709,-0.1339
O_AMID,H_S,-0.04077,0.0175,0.00334,0.03757,0.05601,-0.02647,-0.06911,-0.1473
O_AMID,H_ba,-0.02447,-0.07707,-0.03961,-0.01863,0.04242,-0.05848,-0.1325,-0.1736
O_AMID,C,0.01145,0.02443,-0.02085,-0.03725,-0.01489,0.08872,0.07213,-0.04864
O_AMID,C_a,0.0754,0.07019,0.04863,0.04361,0.006922,0.00481,0.009132,-0.1177
O_AMID,C_SP2,0.01887,0.01878,0.04309,0.03282,0.1079,0.1507,0.07298,-0.07415
O_AMID,C_SP,-0.008999,-0.03298,-0.01415,-0.0008015,-0.00358,0.02152,0.0126,-0.003684
O_AMID,F,-0.02751,-0.03752,-0.01848,0.0435,-0.005554,-0.03333,-0.05944,-0.086
O_AMID,F_ba,-0.002068,-0.0007787,-0.02549,-0.001729,0.01746,0.01843,0.006726,-0.02366
O_AMID,Cl,0.06215,0.06664,0.09308,0.04426,0.06823,0.04126,-0.06414,-0.06638
O_AMID,Cl_ba,0.00177,-0.01979,0.0197,0.02874,0.02714,0.01258,0.01769,-0.02466
O_AMID,Br,0.02615,-0.04508,-0.01446,-0.04399,-0.03221,0.01852,0.05259,0.03937
O_AMID,Br_ba,-0.01539,-0.004394,-0.01347,0.01174,-0.004507,-0.00161,0.003183,0.01459
O_AMID,I,0.05736,0.0534,0.0215,0.03514,-0.002253,-0.002671,-0.01303,0.01485
O_AMID,I_ba,-0.0004727,-0.01571,0.02725,0.04717,-0.0134,-0.01138,0.003,0.02486
O_AMID,N_D,0.131,0.07349,0.0665,0.06091,0.01855,-0.00725,-0.03269,-0.05992
O_AMID,N_a_D,0.06383,0.07858,0.07953,0.02917,-0.121,-0.1377,-0.06164,-0.03321
O_AMID,N_ba_D,0.0665,0.07813,0.04397,-0.007936,-0.02752,-0.005421,0.02231,0.01462
O_AMID,Np_D,0.2057,0.1927,0.1274,-0.003654,0.05049,0.2872,0.4673,0.4299
O_AMID,N_SP2_D,-0.02288,0.03772,-0.0003306,0.02892,-0.04669,0.02212,0.0095,0.008789
O_AMID,N_AMID_D,0.09058,-0.005396,-0.09842,-0.1966,-0.1472,-0.09235,-0.1925,-0.2282
O_AMID,Np_RES_D,0.1371,0.116,0.0773,0.04925,0.05535,0.0359,-0.1136,-0.05023
O_AMID,N_DA,0.009069,0.01323,0.02181,0.005179,-0.02554,0.01611,0.01752,0.01826
O_AMID,N_a_DA,0.1287,0.07471,-0.006505,-0.09097,-0.04822,-0.02993,-0.1494,-0.2165
O_AMID,O_DA,0.02387,0.00865,0.03575,-0.0007815,-0.02307,0.03679,0.02682,-0.07228
O_AMID,O_ba_DA,-0.06773,-0.04786,-0.006075,0.1092,0.1513,0.0146,-0.1076,-0.1239
O_AMID,Met_DA,-0.1218,-0.165,-0.2078,-0.2276,-0.1487,-0.01853,0.1354,0.161
O_AMID,N_A,0.005118,-0.001222,0.02793,0.01963,-0.003855,0.03952,-0.01659,-0.004486
O_AMID,N_a_A,0.005815,-0.001552,-0.02989,-0.0581,-0.0001472,0.01052,-0.03491,-0.03365
O_AMID,O_A,0.05275,0.0799,0.02084,-0.05324,-0.1404,-0.1607,-0.0225,0.01134
O_AMID,O_a_A,0.0006828,-0.005982,0.02031,-0.01242,0.01505,0.0006748,0.03858,-0.009751
O_AMID,On_A,0.142,0.1036,0.1061,0.06926,0.06673,0.02565,-0.1137,-0.2455
O_AMID,O_SP2_A,0.1581,0.1652,0.1739,0.07292,-0.07944,-0.1787,-0.102,0.009743
O_AMID,O_AMID,0.1122,0.1977,0.1365,0.05862,-0.03829,-0.08482,-0.1574,-0.2001
O_AMID,O_CAR,0.08875,0.02481,0.01636,-0.03222,-0.1206,-0.1457,-0.1171,-0.06767
O_AMID,O_ALD,0.2364,0.3253,0.5186,0.7283,0.9538,0.8507,0.522,0.2436
O_AMID,N,0.03585,0.01511,0.05016,0.0859,0.1436,0.0975,-0.03977,-0.05318
O_AMID,Np,0.008343,0.03297,0.04729,0.05777,0.06064,0.08019,0.07545,0.02948
O_AMID,N_SP,0.02593,0.002667,0.004162,-0.01355,0.01048,0.02801,0.01503,0.02075
O_AMID,O,-0.006449,-0.02445,0.02018,-0.008217,0.01322,0.03022,0.01048,0.02262
O_AMID,On,-0.009918,-0.01217,-0.009681,0.03487,0.001102,0.03875,-0.003418,-0.01051
O_AMID,S,0.06582,0.07774,0.01063,-0.06319,-0.0319,0.0453,0.03205,-0.01826
O_AMID,S_a,0.006044,0.004482,-0.01088,0.008703,0.02722,0.005462,-0.01635,0.005699
O_AMID,S_H,0.01293,0.05402,0.01122,-0.01801,-0.07582,0.01157,0.1143,0.02053
O_AMID,P,0.1681,0.2563,0.2877,0.2448,0.09905,-0.01041,-0.03,-0.049
O_AMID,U,0.03317,0.04981,0.002154,-0.06143,-0.02516,-0.01879,-0.05148,-0.0315
O_CAR,H,0.007053,0.02962,0.01643,-0.01606,0.0225,-0.04242,-0.1212,-0.114
O_CAR,H_N,-0.09738,-0.1456,-0.1127,-0.03625,-0.03538,-0.02242,-0.0577,-0.225
O_CAR,H_O,-0.03592,0.1126,0.1507,0.06232,0.06025,-0.07032,-0.2181,-0.222
O_CAR,H_S,-0.01783,-0.01813,-0.07283,-0.04502,-0.06451,-0.1785,-0.1792,-0.1695
O_CAR,H_ba,-0.02076,-0.05632,0.002692,-0.01583,0.03155,-0.01747,-0.1537,-0.2035
O_CAR,C,0.1055,0.09301,-0.04904,-0.07071,0.001036,0.06678,0.08796,-0.04422
O_CAR,C_a,0.1473,0.1088,0.05287,-0.05685,-0.04184,0.03308,0.01886,-0.09207
O_CAR,C_SP2,0.128,0.1245,0.05876,0.02327,0.08091,0.07318,0.007459,-0.1885
O_CAR,C_SP,-0.01264,0.01685,-0.02007,-0.01097,0.0241,0.03036,0.05021,-0.0296
O_CAR,F,0.03625,0.01896,0.00976,0.02935,0.02396,-0.08933,-0.05965,-0.1086
O_CAR,F_ba,0.03401,-0.04841,0.003764,-0.02646,-0.05415,0.007407,-0.01533,-0.0004747
O_CAR,Cl,0.163,0.1439,0.1711,0.164,0.2571,0.1467,0.02503,-0.1429
O_CAR,Cl_ba,0.01725,0.02555,-0.05105,0.02598,0.05978,-0.00576,0.01171,0.06431
O_CAR,Br,0.06078,0.04044,0.04105,0.02104,0.08832,0.06382,0.06027,0.03454
O_CAR,Br_ba,0.02346,-0.006614,-0.01445,0.02022,-0.001499,0.0007989,0.0121,0.02866
O_CAR,I,0.05696,0.05693,0.07028,0.04481,-0.04229,-0.05134,0.01245,0.0116
O_CAR,I_ba,-0.03724,0.02033,-0.03176,-0.006313,-0.01975,0.03425,0.02264,0.03254
O_CAR,N_D,0.08018,0.04626,0.08415,0.01405,0.03287,0.08082,0.1606,0.02466
O_CAR,N_a_D,0.126,0.0742,0.05092,0.06419,-0.04396,0.02053,0.08861,0.03515
O_CAR,N_ba_D,0.1898,0.08096,0.04985,-0.1044,-0.2101,-0.07651,0.08379,0.2271
O_CAR,Np_D,0.2604,0.1611,-0.01408,-0.1061,-0.01419,0.3633,0.6426,0.431
O_CAR,N_SP2_D,-0.02279,-0.01993,0.01895,-1.329e-05,0.08129,0.07623,0.0166,0.009108
O_CAR,N_AMID_D,0.2287,-0.02004,-0.2094,-0.2307,-0.1304,-0.2146,-0.4089,-0.3951
O_CAR,Np_RES_D,0.2419,0.2226,0.1352,0.05262,0.09983,0.06841,-0.07403,-0.0989
O_CAR,N_DA,0.03143,-0.02451,-0.04387,0.004703,-0.02141,0.02432,-0.03573,-0.01965
O_CAR,N_a_DA,0.09772,0.03772,0.03026,-0.02035,0.01245,-0.07409,-0.1864,-0.1876
O_CAR,O_DA,-0.0217,0.02729,0.1325,0.1407,0.1002,-0.05163,-0.1891,-0.2261
O_CAR,O_ba_DA,-0.04571,0.006507,0.1277,0.1715,0.01857,-0.04792,-0.08007,-0.1107
O_CAR,Met_DA,-0.1267,-0.2163,-0.2208,-0.2634,-0.05862,0.1145,0.5209,0.6447
O_CAR,N_A,-0.02299,0.01969,0.03284,-0.0613,0.004322,0.01959,0.006827,0.003875
O_CAR,N_a_A,0.04094,-0.01894,0.005163,0.04825,-0.04118,0.04027,0.063,0.1249
O_CAR,O_A,0.1695,0.2034,0.1034,0.0839,0.04966,0.09647,0.005405,-0.06711
O_CAR,O_a_A,-0.01784,0.01271,-0.008903,0.009123,-0.02043,0.02945,-0.002628,-0.05835
O_CAR,On_A,0.1362,0.1674,0.1719,0.1311,0.08969,0.04604,0.01389,-0.06116
O_CAR,O_SP2_A,0.1109,0.09554,0.1174,0.05955,-0.008829,-0.03141,-0.02549,0.03151
O_CAR,O_AMID,0.2593,0.2444,0.1693,0.02038,-0.09735,-0.1958,-0.2951,-0.2396
O_CAR,O_CAR,0.08766,0.0831,0.03976,-0.002615,-0.006384,-0.1513,-0.1814,-0.1642
O_CAR,O_ALD,0.2176,0.376,0.6132,0.9462,1.153,1.009,0.5453,0.2824
O_CAR,N,-0.06635,-0.1063,-0.04614,0.03825,0.1732,0.1201,0.04359,-0.05284
O_CAR,Np,-0.0005749,0.04769,0.04692,0.07449,0.04514,0.126,0.1064,0.07641
O_CAR,N_SP,0.00198,-0.01574,0.09993,0.007557,0.01728,0.05538,-0.02685,0.02891
O_CAR,O,-0.0009171,-0.00661,-0.04095,0.00104,-0.0115,0.01032,0.04785,-0.04552
O_CAR,On,0.004044,-0.009432,-0.02936,0.03546,-0.01089,-0.02233,0.04777,-0.04659
O_CAR,S,0.1498,0.1321,0.06517,-0.05907,-0.03945,-0.006399,-0.06219,-0.1241
O_CAR,S_a,0.0442,0.02211,-0.04979,0.03188,-0.03658,0.02494,-0.04532,0.03766
O_CAR,S_H,0.03174,0.01376,-0.05565,-0.06901,-0.07297,-0.1033,-0.04187,0.01431
O_CAR,P,0.08282,0.1462,0.2053,0.2097,0.1691,0.1168,0.05373,0.0458
O_CAR,U,0.1057,0.1174,0.08357,0.1251,0.08149,0.05141,-0.01043,0.009648
O_ALD,H,0.01133,0.009826,-0.003409,0.009574,-0.01015,-0.0186,-0.01938,-0.02073
O_ALD,H_N,-0.05912,-0.03405,0.007046,0.0005225,0.006884,0.002755,0.003519,-0.0177
O_ALD,H_O,0.009618,-0.00691,-0.01166,-0.01555,-0.001205,-0.01062,-0.01997,-0.004122
O_ALD,H_S,0.01306,-0.001083,-0.009211,-0.0005492,-0.01046,-0.006868,0.004404,0.004983
O_ALD,H_ba,-0.02237,-0.00338,-0.002521,-0.0038,0.0005247,-0.008764,0.009829,-0.005674
O_ALD,C,0.00298,-0.002422,0.0002966,0.001168,-0.01351,0.003568,-0.005207,-0.01311
O_ALD,C_a,0.007042,0.003664,0.006163,-0.004266,-0.009426,-0.01025,0.006435,0.008958
O_ALD,C_SP2,0.01312,0.0004054,0.006719,0.01125,-0.002335,-0.01273,-0.01133,-0.01833
O_ALD,C_SP,-0.00117,-0.0009438,-0.01616,-0.002848,-0.0113,-0.007306,-0.01143,-0.002416
O_ALD,F,0.00837,0.007592,0.009541,-0.004936,-0.01281,-0.01028,-0.02866,-0.02034
O_ALD,F_ba,-0.01787,-0.006606,-0.007099,-0.00357,0.0089,-0.007232,-0.0139,-0.002613
O_ALD,Cl,0.01161,0.01913,0.02023,0.0005596,-0.002876,-0.002676,-0.002673,0.008235
O_ALD,Cl_ba,-0.01199,-0.005761,0.004755,-0.009063,0.02698,-0.01828,0.003896,0.003405
O_ALD,Br,0.008328,0.003968,-0.0037,-0.01967,-0.009205,0.01717,0.02311,0.002793
O_ALD,Br_ba,-0.007147,0.009856,0.0025,0.00864,0.009376,0.004934,-0.004913,0.003692
O_ALD,I,0.004312,0.006844,0.01665,0.01055,0.0225,0.01644,0.002026,-0.0007332
O_ALD,I_ba,-0.004686,0.02079,-0.01128,-0.007417,-0.008296,-0.002352,0.0128,0.01339
O_ALD,N_D,0.01212,-0.001936,-0.0004362,0.01307,0.01595,0.01865,0.0114,-0.0051
O_ALD,N_a_D,0.004769,0.01512,0.003902,0.01443,-0.01592,-0.02022,0.008007,-0.002325
O_ALD,N_ba_D,0.006308,0.008084,-0.009484,0.01625,0.01069,0.01404,-0.0006641,0.01785
O_ALD,Np_D,0.007391,0.00339,0.007898,-0.006744,-0.0009638,0.02224,0.03765,0.02495
O_ALD,N_SP2_D,0.01391,0.02229,0.006039,-0.002204,-0.002043,0.02341,0.002867,-0.00132
O_ALD,N_AMID_D,0.01203,0.006826,-0.002752,-0.02203,-0.01549,-0.01037,-0.009734,-0.01298
O_ALD,Np_RES_D,0.01741,0.02486,0.02224,0.02797,0.008278,-0.0002507,0.001775,-0.01795
O_ALD,N_DA,0.01203,0.003286,-0.007931,0.003093,-0.005525,-0.004801,0.003578,0.002041
O_ALD,N_a_DA,0.01142,-0.00442,-0.007798,0.006312,-0.01466,-0.01981,-0.001241,0.006712
O_ALD,O_DA,-0.01494,-0.02399,-0.01062,-0.005372,0.0007184,-0.00957,0.008621,-0.0134
O_ALD,O_ba_DA,-0.009047,-0.004203,-0.000671,-0.003903,-0.002108,0.01974,-0.008076,0.01804
O_ALD,Met_DA,-0.03496,-0.01951,-0.02902,-0.02055,0.0007154,-0.008242,0.03351,0.03719
O_ALD,N_A,-0.00478,-0.003011,0.002189,0.01584,0.005783,-0.002622,0.01219,0.004905
O_ALD,N_a_A,0.007165,0.0181,-0.02625,-0.01751,-0.02536,-0.03259,0.007292,5.755e-05
O_ALD,O_A,0.01155,0.01155,0.01957,-0.002311,-0.01586,-0.02968,-0.006247,0.0002747
O_ALD,O_a_A,-0.007479,0.0002031,0.01509,4.695e-05,0.00497,-0.002903,-0.005148,-0.003464
O_ALD,On_A,-0.02265,-0.007036,-0.02772,0.002751,-0.001259,0.01035,-0.01796,-0.01525
O_ALD,O_SP2_A,0.007786,0.01579,0.005521,0.01035,0.005841,-0.009468,-0.006658,0.008167
O_ALD,O_AMID,-0.0006059,0.002423,0.01186,0.009074,-0.002642,0.001202,-0.007522,-0.002753
O_ALD,O_CAR,-0.01833,0.001125,0.01511,0.004003,0.003471,-0.00552,-0.006287,0.005823
O_ALD,O_ALD,0.01607,0.01988,0.02502,0.03825,0.06001,0.04184,0.0428,0.02876
O_ALD,N,-0.003053,0.0004392,-0.005945,0.001589,0.007105,0.0178,0.0301,0.01815
O_ALD,Np,0.003733,0.000571,-0.001689,0.005526,0.0274,-0.004976,0.006083,-0.006161
O_ALD,N_SP,0.02415,-0.01362,0.0237,-0.005035,0.0004798,0.007925,0.00786,-0.01251
O_ALD,O,0.009574,-0.00182,0.004252,-0.01442,0.01718,0.002517,-0.007739,-0.0007863
O_ALD,On,-0.0152,-0.01095,-0.003274,-0.00552,0.01595,-0.008511,-0.01254,0.009833
O_ALD,S,0.02429,0.005501,0.03655,0.01206,0.01564,0.01652,0.004307,-0.01301
O_ALD,S_a,-0.002837,0.01576,-0.002148,0.002686,0.0009855,-0.00434,-0.000898,0.003145
O_ALD,S_H,-0.01192,0.004801,0.0155,-0.006038,-0.00653,-0.01823,0.009502,-0.003913
O_ALD,P,0.01004,0.01777,0.02783,0.02726,-0.001896,-0.001755,-0.01925,-0.009182
O_ALD,U,0.001401,0.02235,-0.01017,-0.002651,-0.001727,-0.003605,0.009394,-0.0019
N,H,0.05328,0.03132,-0.02351,-0.09681,-0.02098,-0.01335,-0.02893,-0.07292
N,H_N,-0.00754,-0.05125,-0.05899,-0.0505,0.01357,0.009571,0.01001,-0.02361
N,H_O,-0.01849,-0.03222,0.01001,-0.01491,-0.0158,-0.09846,-0.1186,-0.05817
N,H_S,-0.03706,-0.01912,-0.0405,-0.06579,-0.06663,-0.05045,-0.03315,-0.02581
N,H_ba,0.06483,0.1154,0.04751,-0.01298,-0.1143,-0.05065,0.03968,-0.03494
N,C,0.04016,0.03677,0.02936,-0.03044,-0.07157,-0.01051,0.06978,0.01813
N,C_a,0.01472,-0.0456,-0.05631,-0.02475,-0.05227,-0.07985,-0.09004,-0.04801
N,C_SP2,0.008727,0.01334,0.02859,0.01468,0.05574,0.1451,0.09794,-0.01316
N,C_SP,5.101e-05,-0.0207,-0.003769,-0.01977,-0.01247,-0.002255,-0.007496,-0.01708
N,F,0.02127,-0.02197,-0.0009674,-0.01108,0.01852,0.05317,0.02834,-0.03848
N,F_ba,0.05378,0.006729,-0.0003751,-0.009389,-0.002804,0.01179,-0.03125,0.009171
N,Cl,0.006964,0.015,-0.03679,-0.02853,-0.06626,-0.07679,-0.0487,-0.02173
N,Cl_ba,0.01153,-0.001529,-0.04523,0.0009706,-0.01532,0.03987,0.01002,0.01602
N,Br,0.02031,0.04701,0.04902,0.01467,0.02057,-0.01434,0.0155,0.005419
N,Br_ba,0.0007531,0.06348,0.02287,0.005774,0.01722,-0.008304,-0.001441,-0.01579
N,I,0.03268,-0.000371,0.05749,0.03664,0.09365,-0.02392,-0.08098,-0.06018
N,I_ba,-0.005853,0.01594,0.02359,0.003465,-0.01557,-0.01997,-0.01887,-0.01461
N,N_D,-0.009512,0.002855,-0.001294,-0.03338,-0.08389,0.03793,0.05745,0.08045
N,N_a_D,-0.04167,-0.07354,-0.06904,-0.05779,-0.02483,-0.03367,-0.04668,-0.01462
N,N_ba_D,0.0536,-0.002992,-0.01308,-0.0472,-0.02865,-0.04627,-0.06734,-0.02862
N,Np_D,0.06622,0.06635,-0.01585,-0.06158,-0.09638,0.02573,0.1268,0.179
N,N_SP2_D,0.01218,-0.01979,0.004314,0.02884,-0.0005155,0.02243,-0.01457,0.01036
N,N_AMID_D,0.02243,-0.03676,0.01014,0.04243,0.0413,0.0181,-0.00826,-0.01355
N,Np_RES_D,0.04827,0.05913,0.0309,0.009791,0.03363,0.09086,0.1003,0.05497
N,N_DA,0.03424,-0.03643,0.01942,-0.01703,0.0006561,-0.01516,-0.01603,0.02728
N,N_a_DA,-0.005601,-0.01068,-0.005306,-0.05381,-0.02034,-0.03392,-0.06531,-0.004533
N,O_DA,0.03799,-0.005612,-0.03288,-0.06147,-0.04603,-0.06476,-0.03139,-0.03559
N,O_ba_DA,-0.004011,0.03287,0.03698,0.029,-0.05248,-0.0661,-0.02814,0.0131
N,Met_DA,-0.08678,-0.07562,-0.1349,-0.02681,0.005768,0.1066,0.1538,0.2188
N,N_A,-0.01461,0.01302,0.001,0.03399,0.01195,0.02141,0.007672,0.005805
N,N_a_A,-0.003097,0.00613,0.01688,-0.07199,-0.1511,-0.1162,-0.07739,0.02637
N,O_A,0.02747,0.07868,0.05866,-0.008213,-0.06799,-0.06088,-0.06493,-0.1336
N,O_a_A,0.03099,-0.004167,-0.01511,-0.01085,-0.009834,0.04997,0.02052,0.001278
N,On_A,-0.02312,-0.007349,0.01959,0.01587,0.02641,0.0522,0.1173,0.03032
N,O_SP2_A,-0.007587,0.03549,0.03741,0.03725,0.06424,0.06433,0.08995,-0.01848
N,O_AMID,-0.0104,-0.03729,-0.1213,-0.0381,0.04814,0.0768,-0.01292,-0.06805
N,O_CAR,0.01546,-0.05181,-0.05457,-0.1145,-0.1006,-0.04986,-0.01007,0.02703
N,O_ALD,0.03575,0.03772,0.1247,0.1503,0.216,0.2118,0.1234,0.09479
N,N,0.03011,0.03434,0.03068,-0.006998,-0.02082,-0.01221,0.02752,-0.01068
N,Np,-0.02042,-0.002739,-0.01231,0.01488,0.0338,0.01501,0.06942,0.009619
N,N_SP,0.03933,0.008679,0.03012,0.01719,0.00165,-0.04041,0.001343,0.00857
N,O,0.04212,-0.01483,-0.01389,0.005624,0.01555,0.02323,0.02349,-0.01214
N,On,-0.03436,0.04185,-0.01812,0.008971,-0.02027,0.04445,-0.001609,-0.01437
N,S,0.04291,0.02779,0.04782,-0.03416,-0.009038,0.06017,0.03846,-0.0008282
N,S_a,0.003007,-0.02597,0.01689,-0.01268,0.009653,0.01227,0.00471,0.004246
N,S_H,-0.00415,0.01817,0.08608,0.03987,-0.1079,-0.2113,-0.05328,0.03926
N,P,0.00786,-0.01633,0.005914,-0.01845,0.02273,0.03468,-0.001844,-0.05827
N,U,-0.03847,0.0007213,-0.02701,0.02465,-0.01756,0.00541,0.04569,-0.03612
Np,H,0.03705,-0.04258,-0.05216,-0.1637,-0.0696,-0.06045,-0.004143,-0.04755
Np,H_N,0.1134,0.1161,0.1111,0.06429,0.06559,0.08673,0.07096,0.03028
Np,H_O,0.05502,0.101,0.1701,0.1767,0.09853,-0.02044,-0.02657,-0.07074
Np,H_S,0.02649,-0.004882,0.0208,0.04364,0.07389,0.01518,-0.05617,-0.08583
Np,H_ba,0.009991,-0.01573,-0.06985,-0.0844,-0.06191,-0.05574,-0.03777,-0.1344
Np,C,0.02821,0.04987,-0.04782,-0.128,-0.1091,0.02351,0.1085,0.02957
Np,C_a,0.06226,-0.02459,-0.04364,-0.03853,-0.04558,-0.08944,-0.0495,-0.07842
Np,C_SP2,-0.02222,-0.02939,-0.04961,0.04141,0.06947,0.09598,0.01285,-0.0573
Np,C_SP,0.04148,-0.006621,-0.01477,0.0209,0.01063,0.01994,0.006414,0.01907
Np,F,-0.01126,-0.008117,-0.008752,-0.02231,0.007094,0.003334,0.02623,0.03699
Np,F_ba,-0.007218,-0.01478,0.000226,-0.01611,-0.02317,0.004528,0.0194,0.0208
Np,Cl,-0.003173,-0.03064,-0.03435,-0.01183,-0.02723,-0.02208,-0.03599,-0.01782
Np,Cl_ba,0.02974,0.01886,-0.01581,0.00142,-0.023,0.00113,0.01977,-0.003492
Np,Br,-0.02553,-0.03993,0.003956,0.0002239,0.01289,-0.01324,0.04887,0.03224
Np,Br_ba,-0.008878,-0.01064,0.00439,-0.00968,-0.0129,-0.006677,-0.02354,0.01097
Np,I,0.04125,-0.01337,-0.01877,-0.01827,0.02732,-0.05369,-0.009218,0.02499
Np,I_ba,-0.002833,-0.01354,0.008336,0.01273,-0.002849,-0.0008847,-0.004631,-0.03948
Np,N_D,-0.04804,-0.05309,-0.03049,-0.01717,0.002847,0.02137,0.04039,0.03482
Np,N_a_D,0.01102,0.02756,0.04963,0.01493,0.02062,0.009343,-0.03372,-0.06297
Np,N_ba_D,0.02974,0.02417,0.006231,-0.0005831,-0.05472,-0.0508,0.01668,0.05531
Np,Np_D,0.0443,-0.004467,0.01857,-0.005734,0.02596,0.2272,0.2855,0.2347
Np,N_SP2_D,0.0005015,-0.02193,-0.006493,-0.01138,0.01491,0.008968,0.01755,0.01388
Np,N_AMID_D,0.04771,0.0479,0.03427,0.003686,0.03189,-0.04921,-0.133,-0.1655
Np,Np_RES_D,0.01215,-0.02027,-0.005301,-0.05894,0.001981,0.05308,0.07483,0.1116
Np,N_DA,-0.004794,-0.02632,0.001549,0.00131,0.03044,0.004804,-0.01806,-0.01492
Np,N_a_DA,0.004604,0.02346,-0.002095,0.002282,0.01996,0.09214,0.04552,0.03774
Np,O_DA,0.1017,0.1318,0.1505,0.1487,0.1175,0.01489,-0.01464,9.043e-05
Np,O_ba_DA,0.07037,0.06095,0.08955,0.04062,0.002226,-0.04919,-0.1101,-0.1157
Np,Met_DA,0.06005,0.06784,0.07978,0.09521,0.0601,3.999e-05,0.0475,0.08357
Np,N_A,-0.01811,0.003896,0.007273,0.0123,0.03851,0.006698,-0.01387,-0.05071
Np,N_a_A,-0.02242,-0.02329,-0.04979,0.01448,-0.01869,-0.01616,-0.0277,-0.03223
Np,O_A,-0.03662,-0.03339,-0.0415,-0.0694,-0.0352,-0.07619,0.03779,0.0339
Np,O_a_A,0.02166,-0.03628,0.009353,-0.02235,-0.01332,0.01449,-0.008614,0.03318
Np,On_A,0.06839,0.08266,0.06975,0.1058,0.1099,0.0156,-0.009979,-0.03762
Np,O_SP2_A,0.008434,-0.00487,-0.01231,-0.004958,0.007792,0.02722,-0.04214,-0.01223
Np,O_AMID,0.03905,0.03197,0.02065,-0.04129,-0.07266,-0.0767,-0.1151,-0.1104
Np,O_CAR,0.02764,-0.01565,-0.009611,0.00218,-0.06632,-0.06275,-0.001759,-0.01496
Np,O_ALD,0.03307,0.08435,0.1785,0.3124,0.3964,0.4153,0.2396,0.161
Np,N,-0.004269,0.06666,0.03514,0.03043,0.01991,0.04018,0.0451,0.04823
Np,Np,0.01503,0.002888,-0.01913,-0.01155,-0.01526,-0.003682,-0.007715,0.03893
Np,N_SP,-0.01835,-0.00517,0.001939,0.0006985,-0.01029,0.0046,-0.00269,-0.009509
Np,O,-0.04053,0.02589,-0.003196,0.02549,0.004983,-0.02485,0.02306,0.003184
Np,On,0.01866,0.01643,0.0423,0.02624,-0.01281,-0.01181,-0.01267,0.0443
Np,S,0.03737,-0.03145,-0.04314,-0.07926,-0.0384,0.007576,0.02601,0.01627
Np,S_a,0.009539,-0.01959,-0.01252,0.0005183,0.01636,-0.003474,-0.01156,0.004101
Np,S_H,-0.03995,-0.0006987,-0.03164,0.01848,0.009259,-0.02428,-0.04535,-0.03219
Np,P,-0.01782,-0.03952,-0.02835,0.01626,0.03339,0.03147,0.04406,0.009808
Np,U,0.004566,-0.001114,0.04697,0.02179,0.02712,-0.03445,-0.007372,-0.01139
N_SP,H,0.03983,0.005943,-0.08388,-0.04043,-0.02728,-0.04306,-0.1031,-0.1088
N_SP,H_N,-0.03276,-0.06934,-0.01428,-0.03396,-0.02963,0.02678,0.008631,-0.01156
N_SP,H_O,-0.004636,0.07619,0.03234,0.0552,0.05691,-0.02292,-0.04909,-0.07264
N_SP,H_S,0.02806,0.05692,0.03751,0.01354,-0.02016,-0.06829,-0.05862,-0.1122
N_SP,H_ba,0.02525,-0.01469,-0.03408,-0.0216,-0.0408,-0.08382,-0.1291,-0.1129
N_SP,C,0.09443,0.03888,-0.002467,-0.07765,-0.04901,0.03657,0.05743,-0.054
N_SP,C_a,0.09864,0.02387,-0.00339,-0.06659,-0.0534,-0.0389,0.00773,-0.006699
N_SP,C_SP2,0.01019,0.01583,-0.06829,-0.05775,0.03428,0.1069,0.04105,-0.05137
N_SP,C_SP,-0.001635,-0.01248,-0.03107,0.01074,-0.01994,-0.01566,0.02519,-0.003937
N_SP,F,0.006098,0.0251,-0.00917,-0.0195,0.00492,0.02227,-0.0165,-0.01813
N_SP,F_ba,0.0219,0.01785,0.008735,-0.01625,-0.007627,-0.01375,-0.000746,-0.0172
N_SP,Cl,0.02981,0.03458,0.005063,0.007564,0.05425,0.009216,-0.01044,-0.009263
N_SP,Cl_ba,-0.02147,0.006744,-0.02408,0.008934,0.0004729,0.02014,0.005343,0.006421
N_SP,Br,0.01688,-0.02521,0.02084,0.01539,0.007281,0.00326,-0.01449,0.01703
N_SP,Br_ba,0.001131,-0.01315,-0.0003538,-0.01411,0.00939,-0.007536,0.003558,0.01229
N_SP,I,0.01729,0.03826,0.003383,0.002297,-0.02606,-0.02392,-0.02017,-0.0158
N_SP,I_ba,-0.005357,-0.01146,-0.007437,-0.01406,0.002416,0.002525,0.03536,0.02162
N_SP,N_D,0.01501,0.03061,-0.002894,-0.01334,0.03516,0.03462,0.02628,0.02016
N_SP,N_a_D,0.03872,0.03718,0.02697,0.01589,-0.01363,-0.009222,0.02148,0.01514
N_SP,N_ba_D,0.06443,0.04419,0.03925,-0.004509,-0.06168,-0.04009,0.002519,0.03227
N_SP,Np_D,0.1019,0.03606,0.01637,-0.04081,0.1047,0.3526,0.4401,0.3235
N_SP,N_SP2_D,-0.05006,-0.00378,0.01728,-0.01719,0.002745,0.02146,0.02149,-0.01776
N_SP,N_AMID_D,0.05373,0.01078,-0.0807,-0.1025,-0.1328,-0.1408,-0.2157,-0.2127
N_SP,Np_RES_D,0.08941,0.05095,0.03558,0.0004002,-0.003235,-0.01521,-0.05033,-0.04285
N_SP,N_DA,0.007834,0.007418,0.01966,-0.006318,-0.005892,0.0008289,0.01459,-0.01039
N_SP,N_a_DA,0.05004,-0.01353,-0.028,-0.05086,-0.03387,-0.01658,-0.03282,-0.07289
N_SP,O_DA,0.05143,0.03028,0.04928,0.07297,0.03464,0.02984,-0.01396,-0.04099
N_SP,O_ba_DA,0.02131,0.01326,0.01781,0.004484,0.01247,-0.02721,-0.05518,-0.08508
N_SP,Met_DA,-0.02682,-0.03108,-0.06485,-0.03472,0.005398,0.03815,0.09512,0.1615
N_SP,N_A,-0.02342,-0.00999,0.01894,0.04244,0.01436,0.02574,0.006748,-0.0043
N_SP,N_a_A,0.01108,0.01385,-0.02311,-0.0542,-0.02098,-0.007677,-0.01404,-0.03183
N_SP,O_A,0.03418,0.02451,-0.04642,-0.06907,-0.06695,-0.06201,-0.01798,-0.01593
N_SP,O_a_A,0.006937,0.02058,0.00847,0.01472,0.01132,-0.0002644,-0.01145,-0.02648
N_SP,On_A,0.08249,0.07275,0.08043,0.07698,0.07426,0.01868,-0.08672,-0.1441
N_SP,O_SP2_A,0.04393,0.08273,0.1083,0.02641,-0.00262,-0.0003559,-0.04173,0.01641
N_SP,O_AMID,0.1517,0.1276,0.02035,-0.07044,-0.1234,-0.1252,-0.1849,-0.1976
N_SP,O_CAR,0.06372,0.04287,0.00862,-0.01456,-0.1092,-0.08913,-0.06719,-0.03027
N_SP,O_ALD,0.1672,0.2473,0.3829,0.5977,0.7504,0.6892,0.4287,0.231
N_SP,N,0.03189,0.008536,0.05401,0.04422,0.009778,0.04604,0.04192,0.03636
N_SP,Np,0.0121,0.01346,0.004371,0.01471,0.01107,0.08785,0.05202,0.02601
N_SP,N_SP,-0.02833,0.02404,0.02736,-0.01416,0.00941,-0.006521,0.006523,0.02934
N_SP,O,0.002307,-0.004087,-0.005418,-0.01151,0.02372,0.01241,0.00964,-0.002428
N_SP,On,-0.006989,-0.006262,0.004625,0.0133,0.03679,-0.005384,0.01154,0.008143
N_SP,S,0.1079,0.1074,0.01174,-0.04717,-0.1051,-0.0556,0.01917,0.04497
N_SP,S_a,0.02276,0.0008912,0.004561,-0.002484,-0.007916,0.009586,-0.01567,-0.02044
N_SP,S_H,0.01177,0.05721,0.0347,0.01263,-0.02288,-0.06967,-0.06833,-0.07125
N_SP,P,0.05528,0.03755,0.063,0.04475,0.04721,0.01212,0.0001657,-0.03566
N_SP,U,0.01961,0.03957,0.009702,-0.01156,-0.0135,-0.02435,-0.02939,-0.04505
O,H,0.009941,0.000112,0.003021,-0.003433,-0.005793,-0.00985,-0.008598,-0.003289
O,H_N,-0.004505,-0.001107,0.009629,0.01306,-0.007043,-0.009999,-0.002458,0.00198
O,H_O,-0.00671,0.01288,0.001828,0.007058,0.002285,-0.01224,-0.01434,-0.009315
O,H_S,-0.01096,-0.001626,0.01128,0.005494,0.004739,-0.004878,-0.01774,-0.02342
O,H_ba,0.009612,0.009716,0.003512,-0.005743,0.002317,-0.01107,-0.01862,-0.0142
O,C,-0.005199,0.001102,0.009193,-0.01228,-0.01006,0.004406,-0.0009794,-6.153e-05
O,C_a,0.004728,0.007126,0.0058,-0.007392,-0.01608,-0.005297,-0.001893,-0.004618
O,C_SP2,0.006197,-0.007464,-0.006058,-0.000888,-0.008075,0.01001,0.005044,-0.009064
O,C_SP,-0.0007623,0.01211,-0.006229,0.001927,-0.004472,0.006096,-0.006427,-0.00347
O,F,0.00573,0.01056,0.001877,-0.003904,-0.002725,0.007006,-0.0001551,0.001457
O,F_ba,-0.003437,-0.01243,-0.002967,-0.00215,-0.003338,0.005057,-0.003018,0.004351
O,Cl,0.005821,0.01437,0.007605,0.01931,-0.001567,0.001453,0.006895,0.006523
O,Cl_ba,-0.01719,0.0007047,-0.008181,-0.001782,0.005919,0.001026,-0.009725,-0.003636
O,Br,0.01031,0.0001351,0.002974,-0.01024,0.009161,0.002274,0.01091,-0.01319
O,Br_ba,-0.01038,0.01165,0.009333,-0.0005102,-0.006227,-0.001384,0.009697,-0.001459
O,I,2.816e-05,0.01537,0.01199,0.005981,0.01183,0.0005639,5.348e-05,0.007463
O,I_ba,-0.003209,0.005075,-0.005395,0.006707,-0.001885,0.0001621,0.001737,-0.00776
O,N_D,0.008209,0.0005572,0.003356,0.003934,0.004392,0.006808,0.007368,0.00028
O,N_a_D,0.01249,0.01725,0.0007213,-0.003383,-0.002611,-0.01995,0.00117,0.003785
O,N_ba_D,0.004569,0.002953,-0.004232,-0.002832,-0.0123,-0.006849,-0.01057,0.007286
O,Np_D,0.001271,0.02904,0.01134,0.01232,0.01438,0.02235,0.03546,0.0192
O,N_SP2_D,-0.01061,0.001621,0.004206,0.001175,-0.002108,0.007751,-0.003161,0.009699
O,N_AMID_D,-0.01837,0.00287,-0.006993,-0.01511,-0.01656,-0.01044,-0.02227,-0.02528
O,Np_RES_D,0.01397,0.007501,0.02166,-0.0001792,0.005216,-0.01057,-0.00742,0.002581
O,N_DA,0.001122,-0.002773,-0.004582,-0.01144,0.003753,0.000161,0.003225,-0.004463
O,N_a_DA,-0.001195,0.0005762,0.004394,0.008688,-0.004668,-0.005533,-0.01921,-0.02071
O,O_DA,-0.00146,-0.003996,0.001904,0.005037,0.001679,-0.02014,0.006327,-0.01074
O,O_ba_DA,0.004557,0.01254,0.01515,0.01076,0.00745,-0.006479,-0.006682,-0.008351
O,Met_DA,-0.008968,-0.005338,0.0006666,0.002589,-0.005366,-0.008792,0.0179,0.02194
O,N_A,-0.006318,-0.004216,0.0001879,0.001049,-0.01091,0.004936,-0.01211,0.005821
O,N_a_A,-0.000632,-0.009585,0.002007,0.00266,-0.001891,-0.02746,0.005891,-0.006718
O,O_A,0.01164,-0.008803,-0.002141,-0.003788,0.0004364,-0.001705,-0.01726,0.01678
O,O_a_A,-0.0008699,2.611e-07,0.009167,0.002456,0.007569,0.006519,0.003862,0.00101
O,On_A,0.009417,-0.007765,0.005557,-0.00945,0.01615,-0.003162,-0.006981,-0.009858
O,O_SP2_A,0.006398,0.009992,-0.001618,0.01333,-0.005304,0.002155,0.007079,0.00429
O,O_AMID,-0.005646,0.001882,-0.006433,-0.002604,-0.0006276,-0.01569,-0.01388,-0.01612
O,O_CAR,0.008722,-0.005716,-0.008406,-0.01243,-0.006646,0.006374,0.006714,-0.007596
O,O_ALD,0.02978,0.02008,0.01962,0.05454,0.06311,0.05052,0.04899,0.04256
O,N,0.01355,0.001794,0.00892,0.003822,0.001084,0.002989,-0.002005,-0.003639
O,Np,-0.02117,0.009066,-0.003286,-0.000389,0.004845,0.006636,0.01058,0.009896
O,N_SP,-0.006577,-0.001945,-0.0007347,-0.001384,-0.0006105,0.0139,-0.002966,-0.0008208
O,O,0.009035,-0.012,0.006551,0.002214,0.0009202,0.008571,0.005388,0.009856
O,On,-0.00644,-0.001765,-0.004336,0.004656,-0.005068,0.00455,-0.00168,0.01326
O,S,0.007939,0.01131,0.002709,0.004772,0.009733,-0.004731,0.0006859,-0.001354
O,S_a,-0.003711,-0.008312,-0.01066,-0.0002179,0.001421,-0.004011,0.0006736,0.008425
O,S_H,-0.01389,-0.001947,0.008361,0.001285,-0.0008279,-0.007225,-0.003952,-0.01827
O,P,0.001798,0.01886,0.005093,0.001611,0.008551,0.005041,-0.001156,-0.004945
O,U,0.0006493,-0.007596,0.003638,0.01006,-0.01171,-0.01201,-0.003296,0.000838
On,H,-0.001342,0.001265,0.007467,0.00791,0.0005617,0.007066,-0.004528,-0.0002465
On,H_N,0.001675,-0.0007519,-0.005397,0.009937,-0.0113,-0.01678,0.00939,-0.007947
On,H_O,0.01268,0.0006631,0.001925,0.001381,0.003035,0.006077,0.01213,-0.002724
On,H_S,0.002847,0.001264,0.00172,0.004567,-0.0001383,0.01086,0.01098,0.004043
On,H_ba,0.005521,-0.007576,0.003873,0.001815,0.01223,0.01056,-0.007425,-0.007824
On,C,0.009359,-0.007452,-0.005391,0.004465,0.006196,-0.001558,2.696e-05,-0.007731
On,C_a,0.007933,0.003368,0.007076,-0.0008462,-0.006473,0.001339,0.005931,0.007281
On,C_SP2,-0.014,-0.005968,0.005345,-0.01148,-0.01544,-0.0009428,0.0129,0.005857
On,C_SP,-0.0008179,-0.004155,0.003418,0.01084,-0.006683,-0.005281,0.0005947,0.001933
On,F,-0.002948,0.001747,0.003872,0.003747,-0.0004671,-0.01116,-0.002327,0.004372
On,F_ba,-0.001977,-0.002262,-0.008462,-0.003926,0.006567,0.007028,0.01279,-0.008023
On,Cl,-0.006926,0.003649,0.01118,0.006376,0.02096,-0.006386,-0.01213,-0.004647
On,Cl_ba,-0.001771,-0.004399,0.00798,-0.008182,0.006938,-0.00216,0.009814,-0.001007
On,Br,0.003024,0.005953,0.005652,-0.008128,-0.001189,-0.004335,-0.006601,-0.003529
On,Br_ba,-0.01146,0.006179,0.007095,-0.002221,-0.00194,-0.004654,0.005857,-0.001583
On,I,-0.004521,0.008374,-0.008193,0.00811,0.006364,-0.002202,0.00064,0.001416
On,I_ba,-0.007306,0.0004127,-0.003775,0.01683,-0.002081,-0.003455,0.004324,0.005465
On,N_D,0.005928,0.004849,-0.01171,0.0007047,0.004292,-0.004085,-0.005499,-0.003104
On,N_a_D,-0.003597,0.002755,-0.0021,0.005234,-0.001329,0.004651,-0.007279,-0.01563
On,N_ba_D,-0.001316,-0.008024,-0.008461,-0.003546,-0.006614,-0.007056,-0.009706,-0.006404
On,Np_D,0.009949,0.006095,0.008225,-0.004059,-0.01511,0.003465,0.02219,0.025
On,N_SP2_D,-0.008224,-0.007985,0.005269,-0.009582,-0.008751,-0.004572,0.00857,-0.005269
On,N_AMID_D,-0.009198,-0.002064,0.004161,-0.005238,-0.01263,-0.005358,0.01127,-0.00216
On,Np_RES_D,0.001038,-0.006004,-0.003792,0.00701,-0.0007263,-0.007228,-0.02134,-0.00976
On,N_DA,0.003352,0.001455,0.006315,0.0007995,0.004497,0.009328,0.005902,-0.007861
On,N_a_DA,0.007756,0.01476,0.005815,-0.003759,0.007879,0.007412,0.0133,-0.01001
On,O_DA,-0.002704,-0.000228,0.002459,-0.0008811,-0.001253,0.009398,0.01491,0.01415
On,O_ba_DA,-0.005995,0.008741,-0.007243,-0.002654,0.01731,0.004096,0.004722,0.01586
On,Met_DA,0.004231,0.0008006,-0.008988,0.008792,-0.01302,-0.01205,0.00638,0.005407
On,N_A,-0.002009,0.007415,0.01061,0.01245,0.0009406,0.00123,0.009375,0.002043
On,N_a_A,-0.003051,-0.008824,-0.003437,-0.01069,-0.01942,0.0007124,-0.005341,-0.01163
On,O_A,-0.006331,-0.005762,-0.02028,-0.006056,-0.01649,-0.005318,-0.006849,0.009075
On,O_a_A,0.005798,-0.002652,0.0006395,0.00283,0.005301,0.004922,0.01229,-0.01041
On,On_A,0.02976,0.00672,0.01406,0.0008851,0.01211,0.004123,0.002943,-0.01347
On,O_SP2_A,0.002087,-0.008026,0.01176,-0.004099,-0.002003,0.006959,0.01287,-0.008325
On,O_AMID,0.009274,0.02976,0.02701,0.001527,-0.003577,0.009414,0.01241,0.01019
On,O_CAR,0.005428,0.003069,0.002648,-0.007865,-0.01486,-0.01493,-0.007631,0.01689
On,O_ALD,-0.0008483,0.003602,0.01237,0.002868,0.01791,0.03962,0.02501,0.01255
On,N,0.002152,0.004397,-0.01203,0.005511,0.004111,0.002886,-0.01152,0.006466
On,Np,0.005524,0.004166,0.006491,-0.00297,0.007057,0.003103,0.009332,-0.006116
On,N_SP,-0.01138,-0.001771,-0.003547,0.005032,0.003839,-0.00721,-0.0003341,-0.003031
On,O,-0.0003979,0.00145,0.003584,0.0007059,-0.002082,0.004904,-0.01018,0.006876
On,On,0.01187,0.01089,-0.004269,0.001192,-0.0007692,0.009232,0.0008293,-0.01071
On,S,0.002697,-0.0003796,-0.00561,-0.008213,-0.005145,0.01218,0.02304,0.01096
On,S_a,0.006036,-0.002592,0.006449,-0.0001608,0.01133,-0.0005526,0.003783,0.004955
On,S_H,0.005158,-0.01336,-0.006062,0.0007642,8.48e-05,-0.009171,0.01091,0.001807
On,P,0.01517,0.01659,0.003871,0.003134,0.007288,0.00613,0.01418,0.0103
On,U,-0.001776,-0.001504,0.003768,0.006149,-0.01145,-0.002081,0.007411,0.005271
S,H,0.1135,0.04376,-0.1003,-0.1291,0.02836,0.0601,-0.06107,-0.1405
S,H_N,0.05908,-0.03572,-0.1144,-0.201,-0.2264,-0.0694,0.0121,0.01619
S,H_O,0.05718,0.0372,0.09704,0.05732,-0.06035,-0.1198,-0.1418,-0.141
S,H_S,0.05817,0.09277,0.1333,0.07897,0.05634,-0.03315,-0.1765,-0.1213
S,H_ba,0.01215,-0.074,-0.08017,-0.02456,-0.004648,-0.01744,-0.09069,-0.1295
S,C,0.08869,0.1449,-0.01601,-0.1475,-0.1513,0.0222,0.1895,0.09727
S,C_a,0.08333,0.07955,0.03642,-0.01493,0.008961,-0.03596,-0.03994,-0.03701
S,C_SP2,-0.09878,-0.07835,-0.06088,-0.002987,0.02751,0.1661,0.1878,0.03323
S,C_SP,0.01332,-0.01594,0.05059,-0.007876,-0.02648,0.03129,0.00524,-0.04112
S,F,-0.01263,0.03095,-0.01427,-0.01884,0.0144,0.007049,-0.02277,-0.03034
S,F_ba,0.02148,0.05374,-0.000918,-0.01244,-0.003936,0.02802,-0.04092,0.000241
S,Cl,-0.002431,0.01218,-0.009994,-0.01161,0.02964,-0.02842,-0.02632,-0.09032
S,Cl_ba,-0.03233,0.04021,-0.06004,0.01004,-0.01715,-0.04236,-0.01114,0.01099
S,Br,0.05075,0.03823,0.02179,-0.004712,0.04159,-0.07997,-0.01578,0.02916
S,Br_ba,-0.0288,0.001876,-0.0319,0.04123,-0.03565,-0.06595,-0.02913,0.00462
S,I,0.05157,0.01074,0.0375,0.0149,-0.05519,-0.07494,-0.03384,-0.04612
S,I_ba,0.009108,-0.01363,-0.01943,-0.05922,0.05039,-0.01655,-0.0717,-0.004958
S,N_D,0.06784,0.05872,0.07671,0.06485,0.06802,0.05873,0.0384,0.004119
S,N_a_D,0.04593,0.02206,-0.04095,-0.05032,-0.03877,-0.002842,0.001613,-0.04112
S,N_ba_D,0.07714,0.05294,0.03265,-0.02094,-0.05925,-0.05155,0.04477,0.07589
S,Np_D,0.0662,0.03065,0.01723,-0.09067,-0.08805,0.1388,0.4112,0.3575
S,N_SP2_D,0.004379,-0.01322,0.01659,0.01231,-0.009015,-0.002975,0.005517,0.01626
S,N_AMID_D,0.08991,-0.01664,-0.1012,-0.1559,-0.008553,-0.0432,-0.1316,-0.1354
S,Np_RES_D,0.07046,-0.003741,-0.07193,-0.1004,-0.0524,-0.01737,-0.1133,-0.1056
S,N_DA,-0.0207,-0.04888,0.01576,-0.006995,0.02053,0.02348,-0.03592,0.001704
S,N_a_DA,0.06895,-0.02878,-0.06146,-0.1233,-0.05508,-0.05453,-0.0689,-0.1448
S,O_DA,0.2291,0.1907,0.1181,0.01359,-0.04543,-0.01871,-0.03364,-0.0778
S,O_ba_DA,0.03424,0.01462,-0.03498,0.02022,0.0938,0.2091,-0.02669,-0.1253
S,Met_DA,-0.04549,-0.01451,-0.1434,-0.1224,0.07829,0.07937,0.1168,0.03989
S,N_A,-0.03758,0.008232,0.01802,0.02262,0.02274,-0.008661,-0.05047,-0.01391
S,N_a_A,0.007745,0.002229,-0.08314,0.01363,-0.1005,-0.04424,0.0375,0.08354
S,O_A,0.02631,0.1047,0.123,0.1096,0.0553,-0.06736,-0.01895,0.02774
S,O_a_A,0.04105,0.03117,-0.04695,0.002059,0.03056,0.01333,-0.01157,0.005444
S,On_A,0.1861,0.2376,0.2755,0.2535,0.2104,0.06616,-0.102,-0.2083
S,O_SP2_A,0.03703,0.08376,0.1135,0.1085,0.05479,-0.02888,-0.06226,-4.266e-05
S,O_AMID,0.1143,0.1069,0.09407,0.0003001,-0.02471,0.01435,-0.05649,-0.1762
S,O_CAR,0.05805,-0.004961,0.0352,0.01899,-0.09414,-0.07108,-0.0496,-0.02203
S,O_ALD,0.1194,0.1987,0.3253,0.5181,0.7094,0.7129,0.5245,0.2925
S,N,0.04176,0.08945,0.1292,0.09302,0.04648,0.1962,0.2906,0.2446
S,Np,0.01259,0.04877,-0.01571,0.01107,0.001006,0.03324,0.005747,-0.03283
S,N_SP,-0.0055,-0.03827,0.01149,0.009533,0.007712,-0.02555,0.02803,-0.03271
S,O,-0.02392,-0.02379,-0.002265,-0.03846,0.01764,-0.01291,0.07209,-0.03891
S,On,-0.05057,0.03555,0.07934,-0.03812,0.002546,0.0271,0.01593,0.03098
S,S,0.1115,0.1548,0.07854,0.04142,-0.1418,-0.1626,0.004011,0.09111
S,S_a,0.01864,-0.003808,0.03662,-0.01721,-0.01492,-0.0457,0.0002154,0.01059
S,S_H,0.01551,0.09493,0.08651,0.05246,0.04747,-0.02324,0.02652,-0.05152
S,P,-0.02066,0.02188,0.0601,0.09552,0.05939,0.005648,0.03632,0.02132
S,U,0.09462,0.08864,0.09569,0.05299,0.02072,-0.009862,-0.05195,-0.02637
S_a,H,0.08049,0.0544,-0.123,-0.135,-0.0711,-0.01726,-0.02829,-0.09595
S_a,H_N,0.1261,0.1009,0.1009,0.007555,-0.02404,-0.03019,0.04828,0.00378
S_a,H_O,0.07972,0.1235,0.09259,0.1296,0.002331,-0.1358,-0.1219,-0.08898
S_a,H_S,-0.0001126,-0.02976,0.0123,-0.03827,0.0135,-0.05315,-0.09752,-0.1024
S_a,H_ba,0.07205,-0.01414,-0.03427,-0.08523,-0.04828,-0.04008,-0.005804,-0.05302
S_a,C,0.1124,0.06204,0.00446,-0.1331,-0.06689,0.01554,0.04578,-0.02322
S_a,C_a,0.06052,0.01476,-0.04887,-0.09877,-0.0244,-0.0337,-0.01497,-0.0364
S_a,C_SP2,-0.05701,-0.08623,-0.1176,-0.008467,0.09162,0.1265,-0.03248,-0.1319
S_a,C_SP,-0.01817,0.03093,-0.02802,-0.007437,0.002437,-0.02018,-0.02999,-0.009289
S_a,F,0.02743,-0.0259,-0.02939,-0.001609,-0.01106,0.01519,0.05275,0.02007
S_a,F_ba,0.04391,0.01542,0.02121,0.001028,-0.04103,0.02409,-0.001036,0.01006
S_a,Cl,0.01313,-0.04304,-0.0221,0.01323,-0.01565,0.03673,-6.936e-05,-0.02882
S_a,Cl_ba,0.02604,-0.0172,0.02442,-0.004463,-0.0336,0.02366,0.01492,-0.004449
S_a,Br,-0.01931,-0.003851,-0.01607,-0.01804,-0.02446,0.01414,0.02487,0.04627
S_a,Br_ba,-0.0114,0.02168,-0.022,0.002972,0.009641,0.05506,0.002203,0.00259
S_a,I,0.03314,0.0166,0.02596,0.0117,-0.03532,0.008825,-0.009803,0.00433
S_a,I_ba,0.01742,-0.01491,-0.04271,9.108e-05,0.007496,-0.01024,-0.008312,0.004412
S_a,N_D,-0.04914,-0.009897,-0.01567,-0.03188,-0.01168,0.07123,0.03036,0.04449
S_a,N_a_D,0.01882,0.04858,-0.03639,-0.06541,0.0208,0.06303,0.09732,0.009256
S_a,N_ba_D,0.01728,0.02668,-0.01775,-0.03459,-0.03663,-0.01655,0.02909,0.003532
S_a,Np_D,0.01788,-0.002592,0.02387,0.06762,0.07762,0.2348,0.2839,0.2166
S_a,N_SP2_D,0.03757,-0.02021,0.03694,0.008142,0.001927,0.011,0.04257,0.02549
S_a,N_AMID_D,0.06322,-0.005268,0.03176,0.004741,-0.009435,-0.06975,-0.1567,-0.253
S_a,Np_RES_D,0.006606,-0.06219,-0.04489,-0.06548,-0.04702,0.04593,0.03275,0.02558
S_a,N_DA,-0.003499,-0.01868,0.02302,0.004483,0.03408,0.03677,0.036,0.0173
S_a,N_a_DA,0.06033,0.0007964,-0.001095,-0.0061,-0.005462,0.04567,-0.009792,-0.07268
S_a,O_DA,0.1063,0.1365,0.166,0.1494,0.06514,-0.05506,-0.092,-0.08218
S_a,O_ba_DA,0.04818,0.04582,0.0447,0.02898,0.01331,-0.05461,-0.08581,-0.02465
S_a,Met_DA,0.0175,0.003124,0.02408,0.03954,0.06127,0.07583,0.1763,0.1528
S_a,N_A,-0.005267,0.01688,0.0277,-0.03318,-0.02066,0.02069,-0.0224,-0.02698
S_a,N_a_A,0.02065,0.009953,-0.004569,0.002649,-0.007796,0.007976,-0.03056,-0.04547
S_a,O_A,-0.01723,-0.05344,-0.04944,-0.09068,-0.03737,-0.00269,-0.01395,-0.007794
S_a,O_a_A,0.00643,0.02103,0.01161,0.0001093,-0.01273,-0.001352,0.0006792,-0.01051
S_a,On_A,0.1057,0.09847,0.09123,0.1502,0.107,-0.003557,-0.06757,-0.02036
S_a,O_SP2_A,0.005565,0.04115,0.04812,0.01109,0.03925,0.01889,0.03273,0.012
S_a,O_AMID,0.123,0.07839,0.03314,-0.02685,-0.03921,-0.0546,-0.1528,-0.1959
S_a,O_CAR,0.02259,0.01251,-0.03854,-0.06386,-0.07014,-0.0969,-0.09132,-0.05066
S_a,O_ALD,0.06716,0.1101,0.2265,0.4116,0.5196,0.562,0.4131,0.243
S_a,N,-0.04819,0.001194,0.02709,-0.04265,0.01399,0.07938,0.1369,0.1668
S_a,Np,0.01781,0.002674,-0.006032,-0.03417,0.04946,0.07016,0.01815,0.02984
S_a,N_SP,-0.01826,0.007924,0.01993,0.01289,0.008749,-0.03188,0.007427,0.01157
S_a,O,-0.000422,0.0219,-0.03085,-0.02719,0.03823,-0.0182,0.01038,-0.005897
S_a,On,-0.01703,0.004805,0.00971,0.006472,0.03626,0.008043,-0.013,0.03814
S_a,S,0.03307,0.03878,-0.01757,-0.07207,-0.07595,0.02216,0.05446,0.06821
S_a,S_a,-0.01316,0.01565,0.02681,-0.0227,0.01495,0.01796,-0.01576,0.05253
S_a,S_H,0.02099,0.03817,-0.03784,-0.05304,-0.06881,-0.06251,-0.02293,-0.06399
S_a,P,-0.06192,-0.0757,-0.06418,-0.07444,0.01059,0.02229,0.04378,0.0002159
S_a,U,0.06326,0.03935,0.05198,0.02669,-0.04134,-0.05274,-0.0338,-0.06593
S_H,H,0.05061,-0.02241,-0.04567,-0.04318,-0.04071,0.05536,-0.0802,-0.1304
S_H,H_N,-0.02484,-0.005417,-0.07031,-0.09377,-0.08906,-0.05505,0.02338,0.01159
S_H,H_O,-0.02507,-0.04631,-0.05177,-0.1171,-0.07644,-0.09247,-0.1544,-0.09208
S_H,H_S,-0.1058,-0.1356,-0.1606,-0.1442,-0.1219,-0.09445,-0.0336,-0.02207
S_H,H_ba,-0.02234,-0.03033,-0.06934,-0.0725,-0.1632,-0.1575,-0.1223,-0.1108
S_H,C,0.01993,0.07326,0.005469,-0.05015,0.02096,-0.02043,-0.0003431,-0.06223
S_H,C_a,0.07984,0.05267,-0.03412,-0.0607,-0.09374,-0.08983,-0.1665,-0.1286
S_H,C_SP2,0.02494,-0.01159,-0.06682,0.04067,0.1155,0.138,0.1013,0.03219
S_H,C_SP,0.03599,0.007217,-0.006887,0.02989,-0.003969,0.02033,-0.003429,0.02857
S_H,F,-0.04677,-0.03826,0.009138,0.001403,0.04508,0.05866,-0.03959,-0.04316
S_H,F_ba,0.03078,0.05619,0.002553,0.02423,0.07251,-0.02724,-0.02739,-0.03039
S_H,Cl,0.02945,0.01227,-0.038,-0.01794,-0.06743,-0.1282,-0.1263,-0.06925
S_H,Cl_ba,-0.001552,-0.0509,-0.003054,0.03066,0.02415,0.02162,0.002789,0.022
S_H,Br,0.03683,-0.01148,0.02291,0.02524,-0.02413,-0.01808,0.04264,0.05571
S_H,Br_ba,-0.0117,-0.05883,0.02896,0.05122,0.0568,0.0009365,0.01406,-0.01094
S_H,I,-0.04965,0.02553,-0.01428,0.01677,-0.0006628,-0.09844,-0.03705,-0.07397
S_H,I_ba,-0.03039,0.03624,0.01594,0.001526,-0.04879,0.003624,-0.01574,-0.05366
S_H,N_D,0.02928,0.00191,0.03871,0.03817,-0.04647,-0.02248,-0.02826,0.03789
S_H,N_a_D,0.03063,0.001928,0.0267,0.04171,-0.007822,0.02666,-0.0956,-0.03839
S_H,N_ba_D,0.1182,0.03444,0.04907,0.02819,0.01459,0.04717,-0.003568,-0.01904
S_H,Np_D,0.05832,0.09117,0.03789,0.07082,0.05549,0.239,0.3515,0.2684
S_H,N_SP2_D,0.01417,0.01721,0.011,0.01054,0.05837,-0.03406,-0.0327,-0.02048
S_H,N_AMID_D,0.07132,-0.00584,0.01549,-0.02206,-0.001062,-0.03137,-0.1086,-0.1445
S_H,Np_RES_D,-0.007651,0.08107,0.0212,-0.08767,-0.05368,0.05616,0.0002239,-0.02403
S_H,N_DA,-0.01821,0.02764,-0.02413,-0.05087,-0.008146,0.0391,0.01123,0.01761
S_H,N_a_DA,-0.03709,-0.05171,-0.06441,-0.1442,-0.07094,-0.08137,-0.1189,-0.02869
S_H,O_DA,-0.0001771,-0.03846,-0.111,-0.08587,-0.01212,-0.01002,-0.04067,-0.04633
S_H,O_ba_DA,0.06456,0.007214,-0.007333,-0.02936,-0.09675,-0.1169,-0.1492,-0.04989
S_H,Met_DA,-0.1221,-0.1388,-0.2494,-0.2073,-0.113,0.009149,0.04621,0.1226
S_H,N_A,0.02753,-0.009643,0.01832,0.03146,-0.007763,0.06209,0.0372,0.03107
S_H,N_a_A,0.03421,0.05578,0.002868,-0.01973,-0.1022,-0.1178,-0.07333,-0.0446
S_H,O_A,-0.03123,0.01615,-0.05785,-0.03712,-0.08998,-0.1246,-0.07531,-0.06852
S_H,O_a_A,-0.04964,0.02407,-0.02979,0.01651,0.03066,0.002153,0.01442,0.02491
S_H,On_A,0.06142,0.05637,0.04731,0.09054,0.1218,0.07039,0.06775,-0.04175
S_H,O_SP2_A,-0.009972,0.01587,0.07753,0.01178,0.04908,-0.001029,-0.02195,-0.06161
S_H,O_AMID,0.01531,0.02931,-0.009864,0.03479,0.07121,-0.009106,-0.04777,-0.05382
S_H,O_CAR,0.05032,-0.07847,-0.08912,-0.0656,-0.06962,-0.08431,-0.09636,0.00161
S_H,O_ALD,0.09403,0.1155,0.2339,0.3329,0.4544,0.3459,0.2719,0.2231
S_H,N,0.02091,0.06209,0.1112,0.08439,-0.06795,-0.1172,-0.06322,0.06269
S_H,Np,-0.06278,-0.03325,-0.001747,-0.03811,-0.01919,0.03412,0.06357,0.02115
S_H,N_SP,0.06173,0.04666,-0.02609,0.03762,0.00161,-0.05337,0.03531,-0.009356
S_H,O,-0.03683,0.007775,-0.01206,0.04706,-0.01528,-0.01286,0.01066,0.03842
S_H,On,-0.03538,-0.01941,-0.001772,0.01611,0.04673,0.04275,-0.01192,-0.007494
S_H,S,0.05448,0.1365,0.074,-0.02311,-0.02839,0.02054,-0.04179,-0.04956
S_H,S_a,0.002064,-0.03425,-0.02964,-0.04333,0.0391,-0.02089,0.02277,0.04589
S_H,S_H,-0.04816,-0.0448,-0.1217,-0.1669,-0.1732,-0.155,0.04556,0.1308
S_H,P,-0.01979,-0.0221,0.06456,0.05993,0.007759,-0.03483,-0.08404,-0.09454
S_H,U,-0.0194,0.03008,0.002781,-0.001304,-0.01694,-0.04179,-0.03888,-0.04475
P,H,-0.03185,0.1089,-0.0493,-0.01697,0.1213,0.02227,-0.09463,-0.04402
P,H_N,0.01592,-0.102,-0.06199,-0.03935,-0.1169,-0.02185,0.06705,0.0002513
P,H_O,-0.02346,-0.01135,-0.1317,-0.1952,-0.07649,-0.08213,-0.03044,-0.04416
P,H_S,-0.002561,0.0003369,-0.06245,-0.1434,0.06576,0.1797,-0.00168,0.03256
P,H_ba,0.04236,-0.02819,-0.08505,-0.01775,0.1303,0.009232,-0.05396,0.009739
P,C,0.1213,0.1557,0.07897,-0.021,-0.008855,0.06759,0.05116,0.07892
P,C_a,0.03756,0.1214,0.07497,0.04915,0.09416,0.1178,0.1452,-0.02565
P,C_SP2,-0.08728,0.0006637,-0.01151,0.02489,0.1133,0.151,0.1963,0.08481
P,C_SP,-0.02134,-0.04789,-0.05923,-0.02333,-0.0159,-0.008129,-0.009561,-0.005276
P,F,0.05461,0.04771,0.1883,0.1496,0.1123,-0.06317,-0.1865,-0.1716
P,F_ba,0.049,0.02126,0.01103,-0.0527,0.02464,0.03807,0.007656,-0.08076
P,Cl,0.1001,0.138,0.06579,0.1142,0.1416,0.03961,-0.0003155,-0.0323
P,Cl_ba,-0.06249,0.01659,0.04754,0.0185,0.02358,0.01059,0.001433,0.08243
P,Br,0.09167,0.01055,0.07031,0.05632,-0.006775,0.0101,0.1575,0.09476
P,Br_ba,-0.07985,0.005404,0.02862,-0.04982,0.04545,0.02998,-0.008672,0.01197
P,I,-0.03259,0.003036,0.002423,0.1845,0.07524,0.008584,0.0337,0.02407
P,I_ba,0.01063,0.004066,-0.00953,-0.04015,0.002645,-0.0252,-0.02783,-0.02026
P,N_D,0.09813,0.137,0.2426,0.2148,0.1795,0.05943,-0.2162,-0.3407
P,N_a_D,0.05011,0.03588,0.06356,0.03563,0.1405,0.1506,0.0622,-0.08709
P,N_ba_D,0.147,0.2145,0.1785,0.1077,0.08431,0.1173,0.1432,0.04823
P,Np_D,0.5667,0.5212,0.3558,-0.0487,-0.3476,0.08823,0.3514,0.3628
P,N_SP2_D,-0.02308,-0.0225,-0.08204,0.02556,-0.005032,0.006509,0.02569,-0.06788
P,N_AMID_D,0.2047,0.2138,0.08717,-0.1936,-0.3352,-0.05075,0.1774,0.08346
P,Np_RES_D,0.2615,0.186,-0.008176,-0.05862,0.2039,0.2688,0.01742,-0.08879
P,N_DA,-0.02861,0.07186,-0.01557,-0.009877,-0.03219,0.05849,0.01216,-0.02402
P,N_a_DA,-0.06372,-0.08616,-0.1845,-0.1679,-0.09487,-0.2364,-0.04899,0.07386
P,O_DA,0.1342,-0.04587,-0.1669,-0.1768,0.08533,0.1769,0.1117,0.1459
P,O_ba_DA,0.02678,-0.08425,-0.2722,-0.3778,-0.3524,-0.04563,0.2305,0.1749
P,Met_DA,0.1695,-0.07645,-0.4635,-0.9309,-0.5909,0.2438,0.5863,0.4131
P,N_A,0.01199,-0.0007415,0.04214,-0.007617,0.08774,0.06409,0.03693,-0.004427
P,N_a_A,0.08981,0.04646,0.1208,0.01719,-0.03959,-0.2889,-0.3071,-0.1427
P,O_A,0.03949,0.2153,0.1618,0.03234,-0.1886,-0.2897,0.03767,0.2366
P,O_a_A,-0.04309,0.01093,0.03385,-0.008974,-0.0007723,0.005261,0.008086,0.002174
P,On_A,0.1451,0.1788,-0.002182,-0.1863,-0.04774,0.05445,0.06196,-0.196
P,O_SP2_A,0.1366,0.2516,0.2995,0.338,0.2056,-0.1401,-0.3128,-0.1372
P,O_AMID,0.07711,0.2487,0.3045,0.2941,0.2833,-0.01799,-0.2404,-0.1921
P,O_CAR,0.119,0.09858,0.1553,0.1461,-0.0009766,-0.1454,-0.4463,-0.3497
P,O_ALD,0.1345,0.1204,0.1465,0.3679,0.6667,0.7281,0.4758,0.1526
P,N,0.02067,0.02397,0.000316,-0.0706,-0.2889,-0.274,0.01258,0.1224
P,Np,0.05717,0.03258,-0.02986,0.07132,0.02068,0.0147,0.02355,-0.06277
P,N_SP,0.08571,-0.04688,0.01359,-0.05582,0.02077,-0.05736,0.004145,-0.03079
P,O,-0.04574,-0.05956,0.001674,-0.02593,-0.01867,-0.03191,0.02632,0.03201
P,On,0.02483,0.002904,0.003936,0.02854,-0.02393,0.003175,-0.02363,-0.05557
P,S,0.121,0.1229,0.1529,0.2562,0.3316,0.1728,0.05051,-0.05996
P,S_a,0.05077,-0.04158,0.02697,0.05892,-0.0302,-0.02462,-0.06123,0.009523
P,S_H,0.04434,0.09803,-0.03257,-0.05918,-0.05575,-0.000832,-0.01549,-0.03478
P,P,0.255,0.3465,0.4582,0.4939,0.4238,0.2546,-0.01527,-0.1535
P,U,0.04479,0.04862,0.1199,0.04855,-0.02829,-0.003905,-0.0512,-0.02869
U,H,0.002025,-0.01597,0.002222,-0.005988,0.005808,0.004481,-0.003018,-0.014
U,H_N,0.00489,0.005013,-0.005419,5.93e-05,-0.002128,-0.009995,-0.0128,-0.01265
U,H_O,-0.002105,-0.01128,0.005576,0.0007351,0.0029,0.00023,-0.01246,0.009617
U,H_S,0.00948,-0.01498,1.19e-05,0.01043,0.01472,-0.002585,-0.008732,-0.01894
U,H_ba,0.002406,-0.01049,0.001698,-0.001469,0.003416,-0.01466,-0.002267,-0.007443
U,C,-7.278e-05,-0.002362,-0.006438,-0.001013,-0.006828,0.0001007,0.008277,-0.005832
U,C_a,0.001356,0.004795,-0.002016,0.002426,-0.00598,0.008773,-0.00179,0.01289
U,C_SP2,0.002575,-0.012,-0.01363,0.000107,0.0001455,0.01873,0.01765,-0.002133
U,C_SP,-0.007482,0.004111,-0.01722,-0.001855,0.01244,0.0095,0.003068,0.001175
U,F,0.001607,0.003318,-0.0003651,-0.009639,-0.001202,0.007563,-0.001645,0.001108
U,F_ba,0.001753,0.01075,-0.006154,-0.005682,0.003948,0.00288,-0.002739,0.01207
U,Cl,-0.0003413,0.005715,-0.001743,0.00179,0.000538,-0.002888,-0.01579,-0.006252
U,Cl_ba,0.001211,0.002484,-0.008037,0.006719,-0.006667,9.722e-05,-0.008795,-0.003137
U,Br,-0.004473,0.006863,0.01489,-0.0006248,-0.001808,-0.009614,-0.01344,0.01437
U,Br_ba,-0.008205,0.007479,-0.002727,0.001174,0.001635,0.00562,0.007151,0.008883
U,I,0.006287,0.01515,-0.001915,-0.002841,-0.01168,-0.00863,0.001959,-0.00635
U,I_ba,-0.00152,-0.0037,0.004823,-0.0003802,-0.007962,-0.002356,0.00963,-0.001893
U,N_D,0.002288,0.0009951,-0.00969,-0.001736,0.006659,0.002119,0.01148,0.02367
U,N_a_D,-0.002828,-0.006077,-0.0113,-0.001047,-0.006058,0.008226,-0.003539,-0.00769
U,N_ba_D,0.02449,0.002373,0.009523,-0.001137,-0.01249,-0.01148,0.005407,-0.005246
U,Np_D,0.003208,-0.007304,0.002384,0.0001514,0.01405,0.01259,0.02702,0.01813
U,N_SP2_D,0.003705,-0.01486,0.002565,-0.008037,-0.0006526,-0.001472,0.006956,-0.0003085
U,N_AMID_D,0.0006841,-0.007753,0.0007959,0.002564,0.01012,0.0035,-0.01512,-0.007233
U,Np_RES_D,0.01613,0.007729,0.001667,-0.006695,-0.007655,-0.00504,0.001411,-0.01375
U,N_DA,0.003715,0.003829,0.00817,-0.002497,0.00232,-0.001109,-0.0152,0.004644
U,N_a_DA,0.007861,0.001092,0.0155,-0.005483,0.002755,0.003997,0.005158,-0.003394
U,O_DA,0.01124,-0.0008701,0.0007924,0.000633,-0.002189,0.003934,-0.01737,-0.01383
U,O_ba_DA,0.00542,0.003451,0.001671,0.01166,-0.004491,0.000866,0.001979,-0.007214
U,Met_DA,-0.00921,-0.007941,-0.01366,0.001595,-0.003953,-0.01701,0.002758,0.007127
U,N_A,-0.002737,-0.005803,-0.005241,-0.001984,-0.008162,0.004125,-0.00228,-0.003607
U,N_a_A,-0.007594,-0.008352,0.001261,0.001523,-0.001704,0.007848,-0.003138,0.01198
U,O_A,0.004759,-0.009038,-0.007133,-0.01328,-0.01797,0.01289,0.005883,-0.01212
U,O_a_A,0.01335,0.009017,0.006687,-0.006857,-0.01016,-0.006817,0.004822,0.002427
U,On_A,0.009824,-0.0008092,0.007279,0.01203,0.01303,0.009096,-0.01158,-0.02746
U,O_SP2_A,0.01634,0.00854,0.002876,0.001848,0.003804,0.009877,0.009838,-0.008171
U,O_AMID,0.01361,0.01928,-0.007528,-0.001913,0.0002654,-0.004007,0.003331,-0.01773
U,O_CAR,0.01176,0.01691,0.004564,-0.006037,-0.01105,-0.0004048,-0.005918,0.001223
U,O_ALD,0.01329,0.02365,0.03179,0.06091,0.06723,0.05567,0.02739,0.02494
U,N,0.003313,-0.007213,0.007097,0.01322,-0.01448,-0.01061,-0.01092,0.004532
U,Np,-0.001792,-0.002871,-0.0005237,0.00525,0.007536,-0.003626,0.01181,0.006177
U,N_SP,0.0058,0.001637,0.005713,-0.007795,0.002352,-0.005127,-0.0006569,0.004446
U,O,-0.004533,-0.01249,-0.007058,0.00449,-0.001226,0.002082,0.01134,-0.008646
U,On,0.006991,-0.004062,0.001694,-0.0004426,-0.005894,0.004929,-0.000887,0.01626
U,S,0.0129,0.00287,0.003744,-0.008351,-0.00865,0.01068,0.006064,-0.006369
U,S_a,0.006632,-0.004374,-0.008842,0.0001662,0.005475,5.469e-05,-0.006441,0.005177
U,S_H,0.009772,-0.005766,0.006184,0.005778,-0.005616,0.001734,-0.008701,-0.006935
U,P,-0.006922,-0.007922,0.003204,-0.004886,0.002686,0.01249,0.008897,0.00633
U,U,0.0007257,0.01641,-0.008606,-0.009878,-0.002176,0.004685,-0.01184,-0.008555
